user_id,friend_id
6776,7490
7721,3699
657,3661
5972,6154
8027,400
808,1913
496,9721
1351,4794
8066,1835
9580,1750
1224,5777
1008,6620
4675,7881
9136,1328
7064,2517
4816,8297
7212,1423
6525,5765
2310,5226
4703,1060
7921,942
3300,7634
6658,3919
4287,1738
3530,3848
1850,6399
1755,556
2564,3878
7709,5991
1191,9584
6652,634
2143,4873
5864,1158
1341,7804
4321,4902
8100,7132
6165,3497
8082,2707
9453,1610
5612,1343
3781,5020
2568,4088
2400,1315
6638,6042
3024,9993
6065,9551
7857,7931
3310,9825
8470,9178
1566,4639
6823,1890
8511,6856
9950,4924
5782,3200
7700,2939
4726,9103
5526,1510
5279,9085
5134,5782
2594,5604
9907,4776
118,5339
244,8198
7283,8826
2180,1547
5805,636
7868,6778
8615,7461
2859,3571
244,4487
6019,1601
770,6732
8696,8303
2337,8251
6030,3168
1186,5956
776,1121
7996,3308
458,8446
2234,869
4532,1619
8803,5932
1458,1148
3403,8682
703,2545
9114,6169
4458,9121
8795,3769
9431,2147
8603,1592
9423,6178
8085,1027
365,6192
5948,1269
5204,605
1181,6033
7641,7087
2702,158
662,2969
113,9340
1077,8202
8075,9784
7303,1591
9338,1523
8843,144
1343,1060
2402,4951
5434,5039
1226,6344
1079,3889
431,8606
6959,1292
5552,9419
7067,9483
2496,9736
6137,4163
6567,7437
7551,6037
9084,8304
7849,3372
4954,6348
4379,9562
6204,4493
9695,848
7444,2684
2815,8032
1511,2937
404,5421
9423,1782
8711,7652
6685,8308
2925,4613
3688,7173
4034,195
1110,364
1615,9970
3016,4008
9588,5864
7434,1241
6099,8631
6877,6861
3928,6235
7074,5956
1573,3553
2575,2302
171,7799
6212,4265
1647,3283
3165,9984
6847,4301
489,2499
2776,8473
1664,5339
5547,5939
6399,7384
2425,295
3285,5409
8992,3378
5537,4793
5185,1931
8229,6152
6251,8784
4215,4444
8203,8313
2321,2632
1503,6387
597,7280
708,8577
2568,2807
1773,3731
5540,5899
780,9591
5141,5415
96,4172
2887,8361
9315,2852
630,380
1494,7988
673,8897
3459,7760
1537,4878
7204,1845
564,581
1521,9013
3062,817
883,5637
2269,9061
5716,2868
640,1190
8854,6547
52,6830
3326,8238
1821,1708
9981,1741
8927,7307
5287,4010
4767,1702
3386,8125
3304,9909
3956,9581
3795,6056
5529,8352
8534,8328
1739,7185
4965,348
7149,3147
1974,1839
1332,7020
9001,4730
2126,1219
8158,5560
1698,3039
7892,229
6250,4321
8231,486
7232,4599
1757,3029
3744,7891
993,5898
9740,2937
4872,2506
417,9214
5893,9700
2074,9520
5872,17
6920,8693
8948,5616
5624,2569
2832,9747
7501,1067
203,9454
5490,3493
7560,9960
6074,9175
4072,8812
8582,8920
8149,9542
9553,619
3038,8786
6433,3674
8143,9368
660,1946
7351,703
9788,5549
899,6309
3690,9328
9424,9510
1209,9885
547,7040
117,7333
3829,6846
3266,8792
8877,3848
2783,2126
5664,9710
7318,2764
6021,6634
7528,7196
578,5992
447,6548
8489,1226
7049,7416
9703,4651
6937,171
8701,9704
8098,6810
1077,1300
7288,4538
2031,1797
2062,5760
3963,4294
448,8315
1768,9428
3309,9048
8234,3642
68,99
2996,912
4941,3251
2208,1009
8561,3586
8098,623
5890,9103
731,9940
4184,5769
3322,2657
1978,899
1475,8613
5604,9381
7001,9401
496,3324
3490,5257
9080,8617
2480,3447
2387,9260
1953,7793
9125,8739
6952,6165
8045,9671
9788,7898
3510,948
3360,6201
6694,3112
6417,2120
1692,471
5678,4993
92,7647
2571,6772
5885,9908
1446,3360
5373,2040
8608,5120
7943,4793
702,7901
2653,3609
8387,1133
8883,7849
8459,158
9194,2512
4854,5485
7118,9737
3327,8383
6661,1007
2431,9456
324,1231
8257,8237
9730,819
506,9662
1264,2874
3611,8194
7752,386
4633,7553
4293,6715
2733,6528
4029,952
8829,7829
6723,7933
6153,6533
3376,5508
5389,914
5722,902
2483,3971
6328,6675
3910,1887
9645,654
802,1199
7356,4105
4035,5815
4160,8645
7934,19
2970,3351
3941,5681
3793,9682
7972,9951
5287,2821
4204,7360
2597,217
181,9588
6083,9166
2554,5874
2185,839
5980,1630
7895,2507
5192,2014
1457,1439
3928,7288
4883,8293
6934,9540
1021,3103
3043,9745
1069,7387
4688,8069
9033,8137
4488,6186
3937,3745
1669,7300
2498,1525
5247,3583
9511,4550
6605,3483
1731,9480
1557,594
4977,9294
4066,4331
5690,1914
7923,2106
36,8159
373,368
9404,8252
7113,2508
4699,9376
6514,9877
5089,9234
5261,2763
2037,9660
4241,8336
1435,31
3564,4903
8417,2048
621,9349
2988,5645
4793,1066
291,1868
7543,9895
7856,9946
1923,2872
9989,7069
9488,4034
2659,2645
911,8126
8534,40
1379,7980
3984,5481
2856,7333
1946,2478
1452,5934
2249,2533
1747,8696
9687,6369
8394,4031
6051,7006
1224,9458
2901,5726
92,4842
2709,5558
13,5962
7129,3180
8782,6746
2141,1003
6211,6195
286,3489
5348,7423
9567,9715
7939,4300
778,1484
8777,2027
3639,9257
9564,2254
7613,660
7629,2011
9827,7153
2796,358
4971,7387
545,32
3383,698
1780,8121
7896,2720
1441,8502
598,9780
5942,4497
2875,5234
3225,5366
982,6626
7572,4940
702,1985
6379,744
5216,8596
981,6312
4643,8778
9414,7675
9852,2397
2094,2005
6530,9876
5575,7035
8533,5739
4739,674
1168,7957
952,6576
1297,7518
2012,7300
4457,3422
1167,5974
6129,5794
854,3641
2575,1991
2964,1368
324,788
163,5102
7358,9792
7788,7211
5424,7919
8511,2335
116,2545
8104,7205
183,9719
6780,4629
2255,5217
294,8912
3330,8633
1354,1472
8938,2906
720,9536
2157,3046
6420,66
6940,7659
313,2836
3547,2107
4516,375
822,2204
5685,2224
8420,7825
9008,3761
6746,5086
1677,3079
2326,5713
1748,6336
2281,5220
1597,3524
8204,5945
6794,2917
1506,316
6866,4154
2090,2570
7493,5045
2203,1584
1383,7204
2439,3308
7250,1051
9701,6076
8188,3775
1378,7523
992,7741
6777,1079
7671,140
4118,7943
1289,5273
1190,2644
6368,6811
1436,6578
1361,1563
4304,4973
4603,558
7722,4878
2694,8860
9760,5939
5936,368
9611,3262
432,7130
5878,4517
1106,859
3232,7058
9749,6999
6861,8130
9397,1896
1133,5744
2833,3087
9965,3878
4237,8112
9032,1040
3842,7978
2820,1103
25,8707
1941,3042
5423,3538
5899,8667
5419,3583
2106,873
6924,4545
7485,2325
5858,8532
7341,4127
2056,5427
3548,6458
8085,4835
5929,3318
6048,1088
6835,6083
2447,382
1962,5309
2473,3267
6575,2687
8585,6293
8819,309
2218,4251
7744,8681
7536,4137
4882,4931
2016,4066
7440,9256
3558,9473
2303,6591
9625,653
5614,1135
3392,192
6602,4883
3081,8316
5622,7582
2282,1397
1211,4610
3860,1494
5577,8739
312,9822
5364,2249
8352,8051
1324,1159
4173,5880
817,6638
2934,987
8609,4740
6188,5195
9699,2110
2085,8442
8887,2187
341,6014
5857,5110
7570,7902
1355,6949
3820,6494
1067,5964
8223,9664
9766,219
5906,3588
1104,8659
7373,2072
5557,4515
7669,2154
1668,8655
6207,3402
5776,3457
58,5188
2684,744
3800,4212
4763,2401
5214,6733
2292,1994
572,6490
5518,4033
4928,9504
2628,1196
2552,5342
8816,9278
6442,7742
4663,3650
1621,743
3856,3240
1655,4813
6967,2050
8282,8068
8579,2222
9932,8800
8960,2280
1936,9213
5247,2052
7279,8947
2023,1850
7777,2665
3673,1656
5592,7344
7112,942
2572,1153
8207,8689
5865,5654
7079,1139
5422,3034
9557,9579
8045,1749
2497,9008
7557,7287
4904,2706
8473,846
7863,9364
1276,7198
3820,1473
9909,1779
8821,2215
5426,9167
9070,9906
2677,5760
8625,8092
7656,9304
9639,9354
2259,4976
7370,2204
9600,8037
5403,1934
5954,7130
9897,5872
7986,9630
6680,2987
7910,9276
353,5763
3209,4661
4336,5010
7590,9089
1280,3379
1102,770
7244,7933
9407,4412
5155,6159
6999,2422
765,351
9258,7193
1585,4250
3493,1234
4498,5642
6681,6030
4513,5326
6861,7985
8245,5011
1011,2228
9848,7474
1637,6782
6700,8954
5021,2289
8180,9069
7633,3386
3072,2592
4926,9569
7013,4585
6842,2690
2163,9599
3497,5178
2556,1539
9305,9643
6816,5964
6125,3162
7544,2459
6020,5417
4596,5282
1822,2388
4893,2518
4749,1968
5370,7969
4991,9205
8928,2936
9569,6653
437,61
2999,527
4270,8230
5779,4474
4798,3955
3673,6696
6891,6725
645,5715
52,4655
3522,8178
5012,350
822,6570
866,18
7077,6611
4186,1940
1996,2244
1073,8809
5046,9971
3285,7486
3166,5626
4108,4578
1720,7773
2883,1226
3438,8770
1521,5386
3860,6666
3986,188
7963,1272
1859,2712
4748,9576
3015,2383
7523,181
7680,3070
5573,8134
8541,9579
5181,119
8145,9644
865,4176
4110,1902
725,8169
5175,9991
780,5289
2612,3738
1574,9828
5206,5398
8042,8943
191,4212
8523,1182
1438,5487
1148,6316
3412,302
9508,6483
5550,3073
3742,5620
8441,5304
8857,3182
4703,6624
2269,5823
8965,5635
7701,6483
1853,7634
7923,9828
5587,2353
1041,5168
9202,868
9401,741
3134,3050
960,5381
162,2333
7074,2910
6181,6736
9073,8270
6191,6522
4976,6854
6997,6675
2949,1348
9374,5376
8293,3858
80,6274
1072,6604
3210,8380
4713,4318
5153,7747
3010,6794
9700,4738
6448,5384
5875,2155
6953,7223
1804,5616
7944,8724
3166,3248
833,6582
9853,1689
3901,4391
7469,5196
6956,2498
1684,1065
4212,2098
8366,3372
4496,4660
6523,6193
3051,9414
4273,928
586,9024
3353,7391
9518,7406
6374,3278
998,4641
2089,6751
285,4460
1132,7355
9082,8613
5046,5944
8499,8879
5133,5169
2030,4588
6890,9489
5416,3915
9596,2116
2662,5492
3009,7148
3899,7901
8068,9578
8958,2403
7942,3963
1041,3568
2336,8276
8284,5289
721,9339
7519,4971
843,6153
7900,4526
7892,5258
7237,3088
8129,6421
7979,5552
3835,7443
6833,6912
6890,1567
7449,1744
3025,7868
5112,9931
4841,2236
9550,3931
9976,2425
6691,5956
7144,3393
603,1514
6515,348
591,9365
8328,1228
3491,2145
6361,8620
9234,3086
5585,5364
8130,2069
1187,3855
2468,2196
4296,6585
386,5126
7369,6437
2052,50
8856,1944
6006,1193
8605,6889
3066,9413
8435,8677
174,8015
6097,4464
2502,424
9789,7385
8100,5496
7191,4289
77,7625
7803,3142
2024,6629
1376,7114
9106,261
3192,5786
152,1125
1507,5364
1084,1921
1427,619
7104,224
9425,9953
4852,6195
2155,400
3420,7547
108,2040
834,8217
7602,1342
1576,3998
3298,7155
7918,624
1656,7002
9790,5285
9542,3241
8259,8019
518,9351
9599,5819
3231,3701
2314,7981
9883,9044
6466,3906
4826,1001
4892,8806
4012,7862
8605,6808
9953,8031
3558,7532
1166,8077
3592,6090
6970,4955
7124,6120
4900,3577
261,2350
7622,3611
5967,172
4720,6841
3654,1207
2631,675
3313,8606
821,2600
7144,819
8672,9342
676,2878
4729,2942
2364,5858
3748,7097
9260,5166
5223,1094
9666,2567
3576,5968
9689,4132
9990,8469
5187,5333
8683,1598
5394,8164
3732,1083
2311,3683
6851,3180
9925,6069
1444,6000
8447,679
652,2413
3879,4356
522,1141
1019,8765
4827,4398
5833,121
7891,5298
1499,3412
8624,3268
6129,8348
6,4617
3211,5164
2358,2039
5165,1459
9883,5293
9192,5137
1797,5031
9035,7779
6858,7104
5969,1250
4606,1196
9767,8400
1656,6261
1765,8985
7708,8738
4175,7015
2922,2564
5336,4364
8878,6438
4902,1732
1971,3683
1778,9459
3894,7809
4561,154
388,3890
4576,2453
8242,6950
3748,4914
7059,9707
2667,836
7574,5594
3466,7256
8898,7188
5353,3694
6415,1741
6810,682
5138,6661
8022,197
7503,5879
7756,3584
4309,1721
3960,9172
2611,3076
764,7915
6596,8796
5155,3788
3206,4884
5287,1867
2423,430
4884,628
9828,6555
3973,3047
7799,9432
7654,781
5056,6083
1843,7485
9712,5240
7766,2048
3473,6768
2213,7755
2603,4247
768,3006
4664,5379
6963,6721
1717,2062
8581,6348
5762,3541
8275,2762
8494,5886
9158,3257
6114,2468
1851,3401
2753,764
7064,2775
5857,6554
8370,5534
3542,1802
3270,5532
2803,5736
1356,3023
1301,738
7396,3079
6263,8862
486,9819
2684,7567
5499,5785
4140,5305
6685,2985
3426,7050
4570,5582
1589,5209
1235,7149
9077,6874
6167,8796
1197,7703
3377,9033
754,8655
1925,9778
1206,4075
4959,6466
6557,7997
4984,6752
5941,9722
3027,4474
9040,182
8963,6281
8901,5979
6720,8268
8457,5601
7208,9145
4779,977
6890,2096
9870,9834
3487,9698
3818,6173
5463,8487
206,6396
4911,7645
7470,3641
1667,6377
2353,4902
1836,9572
6019,6674
7632,2804
2195,1804
52,6373
5282,4938
8653,4796
553,5396
349,6169
5155,9687
2173,9825
1275,8700
3263,5151
4489,8956
4575,9976
1080,5663
7721,9664
5131,390
46,9226
258,6594
8163,1992
8356,207
5897,4688
4474,3682
4391,1738
1641,9407
5148,3751
6935,1772
8635,8564
497,5493
8201,2856
302,9715
6022,2557
2339,641
2686,3647
4736,120
1094,5096
4000,1498
6298,1206
9468,9976
4730,811
6886,6381
7888,6559
2525,2172
4119,2026
8712,5532
9373,196
4902,5440
9568,5679
9496,9787
6400,4450
4222,9287
1910,7120
5624,9434
5195,6343
4328,1328
9598,751
6993,9617
7153,7629
4291,5096
9130,8776
4191,5079
6194,9042
2315,2055
9009,2380
1277,7743
7338,5548
9139,4121
7899,4071
4730,1856
2117,6319
1382,5946
3855,4763
2663,4397
3070,8176
551,4239
9125,3221
8507,6296
9159,1463
4229,6110
536,6132
1497,7541
9095,4009
2541,8657
5808,1697
1256,3158
6687,6895
6084,9555
7238,6168
7325,6191
5866,8051
5287,7838
9267,7489
8632,3812
4008,859
4516,7160
9022,5239
8358,4534
8047,1441
9796,5245
3484,1083
5839,828
9970,1552
8596,9085
1280,6853
7286,2847
3045,7101
2357,5858
9943,6512
6316,5230
8598,815
3339,501
6376,5082
9789,2127
4914,7940
8658,6687
2030,986
635,2355
267,7772
7157,1114
7022,579
1081,4160
6810,1277
9869,3456
3667,4528
2747,612
948,4317
1799,4556
7378,2975
3976,6142
2215,7009
2261,5535
5990,5850
6646,7463
2673,9730
9848,1394
4571,8158
1133,7753
5036,545
3481,5157
1034,5356
6882,4646
4503,1673
9097,6065
5415,7997
3630,3231
6955,7387
6836,1281
728,561
4894,3407
3223,2953
8726,9669
4110,9484
6120,1504
3754,5499
5872,2889
3329,5025
253,6727
3999,1813
2823,5296
7341,1689
3040,3728
1878,71
8347,779
1924,8064
7492,5774
7816,9184
9238,3066
4905,5361
2000,6695
638,7339
555,8383
9464,6679
9170,4013
6837,594
558,7036
9037,8470
2175,9163
717,8565
7110,9859
7772,4325
9911,3536
6927,5686
3736,9848
4363,5382
8825,2248
643,2580
6015,4390
3701,9947
8044,3593
9127,9816
8041,1673
1677,9835
1554,6841
1793,5057
9425,9538
3920,7747
920,9799
3525,3303
8783,8254
814,830
9551,3200
5633,8772
9000,3450
3701,1066
3004,3561
165,3052
993,8443
8048,3867
1096,9740
212,250
3902,9389
9502,3024
3132,2480
7970,5589
3193,1001
7690,5622
6014,8807
2478,1423
587,1044
2464,796
1955,9708
6334,38
3798,3845
1073,9732
2656,5822
48,827
8454,9842
5835,6580
3293,6894
3154,3704
9698,1380
9495,1153
5534,5771
9136,7905
5117,3957
1328,6395
1505,1055
5164,411
2748,5481
2958,715
5526,8318
8544,5602
6495,1751
842,42
6975,7311
4839,2678
2007,2676
6095,9989
6237,2419
3328,8071
1579,1883
1598,8054
384,1296
5214,5367
6066,1249
7818,1217
4474,8076
8997,6199
8917,3706
4284,3936
3186,5867
9404,9208
1929,4669
9263,7853
2562,5134
1324,682
1697,3267
8227,4377
2723,8994
3201,6953
5737,8258
7548,1515
1400,1605
7687,9384
9312,1627
7950,2915
2207,3049
3499,3762
8850,8472
5587,8064
1116,4493
5944,4118
1062,2275
7793,2059
4476,2392
3929,558
6926,3796
3473,3864
3255,3308
9425,5762
1171,4481
4175,1843
6145,1819
1977,3173
1017,9537
2471,3035
9180,9624
8185,1852
9850,2908
451,5030
2461,5501
1671,2862
5776,3337
483,7156
9481,3134
4863,79
6799,3713
1597,8319
1507,2004
2977,5717
860,5124
8771,6191
3034,6127
9042,2493
4351,7521
5132,7784
9472,1929
716,1678
6624,1870
3218,2609
8380,4075
9081,5206
772,7239
3036,2870
5515,2569
337,674
9648,312
7486,7982
7971,1954
2542,772
5994,531
3354,9170
6640,4557
7831,6174
6471,3868
1467,6349
9101,6651
364,2329
448,2724
6146,9797
1026,3072
1472,1771
6770,9895
9312,6225
6436,1055
439,1437
4078,2634
3181,6729
9862,7161
4642,3068
886,2099
4817,403
6551,9021
2016,3749
2983,7376
6284,7400
3785,7971
9924,9711
5853,6719
967,7682
9222,6737
9672,7374
9983,6654
3475,8475
996,3540
3200,4329
2939,616
173,8599
511,6542
8062,4427
3137,5712
9722,6099
2647,9649
9041,2322
9567,924
8270,5706
3238,681
1545,953
5774,3810
7417,6017
2547,5997
5810,6259
2520,8515
8448,9349
3492,2482
1995,2589
5417,4103
3609,8814
88,7196
9739,7183
6491,8942
8997,284
6651,6605
4925,8448
7137,5829
4980,8032
5015,3344
8524,5839
830,9101
1779,5314
6861,3088
1973,462
4306,6789
7855,4385
7757,374
7730,3527
7390,4158
7833,8254
8257,7486
1813,7036
238,253
7663,4407
1196,3156
4249,7323
9530,6056
9031,9005
4385,6938
639,9438
6025,2139
6192,3799
6287,670
2348,5638
6293,531
7792,1266
3939,8672
195,1593
2164,9067
2445,8100
3254,6734
5948,4053
1606,9948
172,6227
8544,1849
127,5841
8125,1016
2940,3091
1873,6147
3571,6082
2484,5861
3443,8275
3769,4756
7317,3100
788,8755
9134,3906
6558,9287
9659,1067
5550,1250
1165,9561
1172,4517
262,7031
740,8564
5034,6440
9748,3202
8798,1224
5346,5135
299,5985
7546,5044
232,4502
6481,8249
6367,3043
4478,3313
9231,9216
5478,588
4401,3606
2221,8010
65,7377
7634,9447
2116,1804
4440,4556
6055,1377
6294,9235
5945,4692
3160,4412
4887,5477
4683,7183
7573,1137
7553,627
8991,4564
5154,3658
4581,3951
8830,8424
9713,2009
808,8302
2947,6111
9532,848
5752,7148
4018,1755
299,3832
8524,8224
6316,4723
672,4896
961,4061
8894,3919
7389,7221
3166,3129
3785,3444
8538,65
5835,8614
6102,527
8170,188
9935,3849
9481,4177
7187,9776
3524,374
1709,5087
7374,8193
6409,5217
2612,2252
4106,233
5316,5032
904,7672
5161,5521
2155,9201
7111,8173
1769,5475
710,2581
9721,5298
4106,9845
2379,5843
5165,5913
8509,1478
7758,3003
2732,1594
3293,3864
8697,2858
9425,7983
1826,7724
3949,6379
1939,9790
1117,7362
3914,6868
4563,9284
9846,1051
9031,7436
5367,5999
4506,657
6533,8312
9432,6230
990,7320
6537,8704
3510,7417
9598,5900
3113,1529
1351,1234
7312,240
1148,6534
6594,5823
8105,800
637,8816
8814,5640
3836,6127
2512,8473
4729,3311
1663,9441
8692,6550
10000,7210
5299,6073
8714,5841
311,1833
6400,8138
7295,1622
9352,1707
733,212
8726,246
8649,154
9816,7436
3702,9235
1524,8864
8132,4614
3884,3528
9224,3505
7763,3607
3796,4845
3005,4386
8134,3165
6729,6923
2929,6176
1279,6643
6934,6310
3077,5705
280,3685
9237,9968
862,3225
8204,7092
9784,5202
2219,6095
2763,7555
9370,8989
2537,8050
8007,9078
5672,9381
3883,1394
7025,5619
8738,2135
9041,3992
749,3618
8945,303
8342,3073
2066,2338
2331,4109
4657,5041
3218,5837
3504,9047
9004,7975
2774,9085
8651,9557
7596,74
4223,4528
3095,9842
4291,2015
248,7482
4174,2600
4563,9000
9578,8781
9905,7916
7357,4728
6716,5087
9428,1118
6994,2977
4397,6415
3106,1632
1528,903
4793,4127
5543,5341
3670,3746
7558,7178
1664,1635
9045,1251
3183,1454
3588,1496
4984,54
5176,7010
2664,7613
8676,32
9048,2395
3384,2239
3981,2317
976,9065
487,8170
4288,7159
3657,2604
5280,8895
3939,4877
8064,8359
6768,9241
2896,1641
4741,1519
8104,1087
9024,706
3474,4226
6704,1839
9829,3995
9623,4640
2394,5824
647,6769
5882,506
5209,9798
1288,1522
4914,8205
9359,2862
2516,1236
527,5353
7197,7713
3366,5854
3259,3209
5133,1950
641,3069
8436,1444
1254,8157
434,2686
8281,5611
5565,6851
6268,1935
9105,4539
8166,109
9283,2239
4780,5306
4335,9524
5302,5991
2539,7973
9578,4302
3753,4475
307,8606
1800,4131
2391,3384
2621,8060
9958,5501
31,607
6137,4854
3551,1768
83,5572
1800,6094
3849,5051
7042,2925
377,3352
2219,2330
8678,5825
5425,4780
5491,1157
5883,3266
1965,6890
255,5985
7541,3917
1729,19
9483,5111
9343,2443
849,3993
2032,5720
4679,9767
8936,7661
8632,4845
5744,8602
5131,8454
4452,9608
8932,9766
2196,8696
6864,499
5797,6177
8546,7574
7836,7324
2989,7542
9679,3754
9494,4501
3755,4247
9655,542
2913,2566
9790,3316
5665,3178
5655,1065
6523,3318
9556,4806
875,3232
4912,859
4626,7718
2018,8482
6588,8194
7980,1428
2000,8593
1560,6861
9908,7954
9106,5676
1554,2173
3632,5342
9954,4528
9732,3457
1211,3664
8122,1239
7460,7707
9908,5108
7190,957
1150,4774
8811,1083
9554,2603
7145,8793
3793,1574
6905,4143
3434,4542
2620,4126
3856,4225
5688,3811
4898,659
1626,1426
476,3956
9626,3100
288,2625
3629,2388
7596,446
5076,8488
8786,7107
6198,6768
1480,6081
7810,2440
5300,1742
4744,6553
8017,4474
4860,9968
208,7347
4183,6468
6349,2601
8432,5872
472,6674
8748,5680
7898,3454
7632,3610
3800,4457
7778,737
6295,6837
5763,4596
7464,5485
6497,2271
4547,138
599,6324
6235,949
1026,1164
7091,3663
6230,808
4197,5337
9161,5566
2925,7026
3140,8579
924,706
350,9267
7848,8763
7424,8849
4660,1137
3612,4448
4536,391
7132,576
6382,8363
6463,7082
8263,3246
3197,905
830,5921
2561,6221
4461,7201
3985,6948
7858,3572
9399,3327
7814,4668
1543,6008
7300,3144
8499,4228
1951,1536
4845,8821
7527,8732
5598,2723
634,4956
3944,9702
1013,3797
1686,2637
6664,1348
7647,2757
4403,6044
1619,9315
6300,4619
3367,6552
7798,5562
3899,2073
8223,9283
2267,1815
9457,5
4908,2672
8366,112
4013,7757
1959,2779
3927,9181
7446,9385
6170,3320
3848,2269
9238,2595
803,3209
1874,6360
9683,9552
3625,4388
1686,4784
6898,1900
156,8943
4313,3489
6524,7486
4773,1494
9769,8080
9221,8067
8905,5612
6299,8293
978,5561
8608,5799
1158,5934
4307,3953
4496,5516
2415,1666
921,5774
7606,7348
3354,6760
4297,3282
6429,9437
1153,5565
9635,6635
2490,6401
7981,4952
6829,373
9195,4360
5427,7163
7715,5199
5713,70
9977,8933
7820,312
4694,3055
9358,8372
8285,8863
1128,7040
6824,9879
2967,8410
1413,8896
389,8889
5990,3818
3836,1641
251,114
4966,4071
3042,9397
2912,766
4337,6682
5908,8653
8029,4592
9640,5005
3321,2344
9025,3961
3935,1906
3219,2921
1312,7354
3953,4242
7033,5947
9867,3129
776,7649
3952,3959
3786,1805
6948,9466
9981,1144
2274,4054
3819,3019
2011,136
3676,1681
6771,3549
1487,9087
9963,5664
9369,9159
9420,5850
29,1910
5100,9323
9676,2509
561,9030
4113,4220
256,5005
384,6440
7387,1071
826,4259
9029,1580
4457,210
3169,7011
3471,1067
9688,8423
1147,6601
2196,7029
6542,3031
5631,4132
2552,6127
3001,3912
8259,2427
1183,8334
6080,1479
2515,6228
5230,4886
3463,2002
4355,864
2670,2670
3468,1349
6070,8104
4531,5750
4646,6978
2811,438
6442,1762
9792,3494
138,7062
7259,7459
7482,9172
4180,9521
825,9640
995,1305
4536,3844
6861,7266
8433,4812
6232,1944
8758,4466
5002,1735
8897,9092
7288,4499
6895,413
2175,9844
383,6180
8062,6688
3995,1007
3901,2727
5142,4623
8176,35
8178,8303
5356,8444
415,6736
8758,8402
9967,9437
3412,5011
6771,8315
2491,4937
8286,7828
4199,6616
1545,8494
6374,8690
6113,7211
578,5401
8767,5869
5148,562
4476,5133
8985,1949
4352,9135
5931,9983
3275,1003
5633,4571
1798,2615
796,7637
9103,4309
719,8749
7958,9326
7521,415
7307,8283
1018,6243
1161,1947
6256,3227
9746,9347
8351,7051
5795,1613
8531,9061
1217,9114
2747,1829
1688,476
37,759
6443,1504
199,3544
5338,4771
746,1637
1429,9417
2416,2821
8881,1833
3152,7813
9256,9492
8338,1199
2539,8926
6332,2599
2598,1523
8913,6871
8634,1025
4074,1914
6728,9850
3830,8856
8402,9974
4468,1392
2662,9411
8859,2566
2259,9770
2358,7997
7009,5963
7366,5460
4422,7855
8689,3733
6365,6614
5918,8018
3716,1261
9923,4084
2817,817
240,7588
5771,6214
163,1661
7282,8506
1631,947
5095,1719
8999,520
9967,3779
4214,3451
296,6210
523,3487
5347,3756
514,1905
7120,5370
1297,2193
4984,6106
4909,6248
8204,7297
9087,8166
6560,8516
620,4616
7541,6234
9613,1177
6916,4726
4493,1429
7187,4353
5179,7575
313,8217
8802,5308
5222,7481
625,4526
5323,9413
7140,2243
7879,3521
8963,1198
3283,4856
1643,5173
3049,1310
8167,8923
6486,4660
8682,1849
3458,62
3673,9488
591,8226
6904,8683
1401,6536
5235,9030
6286,1687
5832,3461
6604,4496
3149,6284
1862,9424
6347,3640
1011,7537
8546,8250
8645,1288
873,5237
953,234
6363,1983
4908,5657
7400,5825
2766,2788
6686,7920
3906,9173
8669,9828
2049,425
6679,480
6494,7188
3339,2355
5985,6670
5567,640
7869,6469
5415,8260
9701,1999
2148,1574
480,2352
9080,5259
4477,4834
8864,1524
2680,5343
9607,4177
2868,8462
9056,9948
4016,6464
6223,2015
6440,8177
5820,8196
9433,2928
6637,919
4878,7981
2431,284
9974,4215
2566,4404
6594,5957
983,2231
7443,7493
1169,6065
779,9677
5508,4749
6139,2399
8151,5691
7468,4406
3500,4482
337,2827
9646,320
9237,4219
8010,8775
8524,1282
5951,2886
6809,854
3877,1455
80,4722
189,597
3956,5967
2231,5265
6340,9809
2476,8519
1232,5883
5551,3096
9337,5646
4343,4853
9944,5725
7276,6318
8246,4647
5376,7329
886,715
5775,7898
163,3707
267,9287
5664,4683
4177,1112
1552,6318
1924,4241
5574,6222
9468,9460
3934,7282
3359,5036
3408,5794
9108,1596
7671,8149
5505,7627
5586,3052
1780,200
7780,5154
5759,3154
7095,6718
787,12
783,404
913,9538
2888,5272
2766,6329
4145,2634
6910,4755
1973,4989
1435,4261
677,7201
1811,7654
302,8821
9326,1663
181,1690
5145,3590
8349,3307
3185,9435
6218,3356
3338,7390
6350,6505
2154,1491
5156,7179
8898,8905
4708,2033
7104,3536
1068,7179
3932,7085
575,7633
7955,7564
4379,4376
5830,4026
3375,8222
3072,4572
3048,4854
8830,5218
6639,6840
2261,3809
7625,668
3997,9711
1379,1429
7773,9673
1176,8352
2971,7813
9732,8584
3407,7492
4160,7196
2328,7424
4986,5975
6981,5543
7991,6006
3308,8790
1252,7982
2449,7658
4447,9478
1644,2560
5519,6054
7678,635
6408,2226
8680,1818
9507,9194
3336,2034
1167,5331
5219,9555
2000,7833
6594,6554
5078,4824
822,3387
5209,5741
4648,5535
521,2232
726,7193
3198,5305
6733,7548
4602,7262
2692,2096
925,219
5535,3802
5445,2053
9055,6294
859,4906
5707,6190
538,5588
7899,6849
277,9475
8067,2822
1314,3014
8526,375
2137,5737
4857,1175
7421,4546
2240,292
2891,4606
5702,2469
7039,6511
4025,3210
2791,2042
9388,2388
6968,7435
6375,104
4086,2188
3817,1437
9603,6551
7071,7930
9403,3872
9269,8368
6683,3161
1735,8661
6539,4126
3653,9124
2601,5348
2822,3587
3465,5862
4308,3534
97,5788
1080,4808
7478,8021
1010,2510
9062,1915
3429,1410
5794,6088
2251,666
2599,3106
3433,7775
9623,4285
5766,271
9929,2400
8688,7665
7305,2435
8577,8019
7653,7398
9427,1484
5972,586
7163,6917
7878,2791
9207,1945
6599,277
4178,6306
7541,339
4194,5237
9335,6782
2601,8148
379,1212
1456,2057
7415,4609
8885,3683
6277,1089
2793,4525
2195,5417
6995,9870
5025,1112
5569,2925
7631,8993
4159,1416
3242,5874
8639,480
4345,9107
2734,5507
6566,3498
1613,1736
1404,9383
3178,4406
6027,8293
6222,7987
7241,1199
720,2950
3916,9461
4953,6665
7256,7170
7703,8788
7371,5960
3992,5221
2514,7992
3622,8313
3113,9209
5920,5519
9038,5362
8965,2692
4407,6763
8394,1184
1067,6612
7761,4002
887,3236
3806,95
1683,3784
7076,7861
2907,3032
2453,9771
5283,7596
7533,1732
5520,5142
2879,6226
9632,8440
1510,8563
2343,6212
6645,2131
2756,4917
5590,2108
8575,7643
8717,5768
7919,2116
9102,1553
5676,7650
5990,5959
3246,98
9553,9792
2518,7276
1532,246
9970,8320
6120,3137
8837,8987
6458,5124
8810,5154
5319,3473
4229,2026
7884,7034
3578,8155
8866,7883
1437,8339
48,5467
7872,8888
2654,4180
2426,8381
8734,1210
1096,8683
7505,194
6197,2084
7613,1618
8296,6562
6775,7788
2500,6304
9485,6257
2899,4833
8517,8661
5299,3872
1039,1757
3289,9872
682,1437
871,5939
1337,2204
5147,3979
1568,7717
1733,4127
9618,9465
7186,8114
9001,2685
642,9058
6295,7447
2275,6364
5432,4596
8598,820
9459,6947
460,4806
3361,1522
3053,9310
9882,8856
3989,1549
9961,2502
3105,386
3830,6246
5768,3675
4199,861
2295,5109
4943,6994
7513,6066
8131,2897
7175,8960
2109,937
8331,1287
998,2905
127,7887
6515,2442
3257,6079
3420,946
4672,3733
8227,6114
9217,271
821,1894
3513,3219
8080,6441
4176,447
2822,556
2078,2209
6236,948
5411,2250
2645,7900
2318,2333
5390,4883
2959,1111
3200,2124
1188,8418
2314,2544
3050,1116
488,6839
3126,9279
2529,3889
543,7858
16,9448
7489,1279
2435,3784
4413,5242
6778,3658
2251,6271
5340,2657
7589,7306
8410,4703
7574,6294
3757,7217
4887,6237
6083,2923
6374,8818
6985,237
6112,5363
831,6913
8357,7853
3503,1149
7321,2511
266,208
6023,7673
1918,8280
8394,5684
686,9437
6030,1648
1204,6431
3174,7663
8812,9589
4671,575
5117,41
2502,3507
3812,9953
979,8266
3105,992
519,1269
198,3367
8303,5289
2671,6975
1323,6910
6174,2843
3102,3480
5589,1107
7591,6969
4644,5217
3148,7978
1953,223
9936,862
1310,2540
6766,2249
4651,5466
2080,6432
935,2296
9648,1531
8621,7413
7721,3099
720,6160
6709,296
4842,1234
3902,6526
3833,5987
6408,1773
4860,3745
2047,4825
5240,9314
3755,7076
4666,7225
9573,1971
5226,464
4485,8403
9402,5108
5502,4529
4990,293
3842,7343
6346,8419
8003,6570
1754,6957
4250,4440
5820,3856
9962,5278
5859,9417
4073,2718
2700,2411
479,5417
6165,5414
1116,51
6027,3084
8610,9695
5861,6196
1999,1000
5517,336
1967,2284
7560,8713
6068,7109
8201,9329
9605,1365
9640,6390
5539,7259
6852,6375
6001,7236
3858,8082
916,4146
8294,910
1747,1235
8387,6274
8006,1563
6496,8374
8254,894
1724,6113
6635,7422
5765,2034
3910,9024
8771,5214
3526,97
6368,2231
8810,6381
4265,9103
1456,8905
4808,7308
2171,6822
5716,8656
4569,8403
5296,6865
5307,7588
3693,3925
7182,4537
3744,9504
2295,845
7786,1186
8623,995
8853,3331
4138,7401
8766,6331
2628,9167
6608,9225
770,4468
6668,613
9462,6253
9644,4661
1779,3575
6113,4924
7761,544
3827,5912
522,8014
6285,6816
8648,5256
6792,8259
1446,1772
2830,6370
8555,563
5572,3306
6876,3310
7779,5422
3473,2816
3492,2555
442,2700
7266,8959
5634,6304
8695,3959
3216,5709
5168,2406
5170,9586
578,1235
5657,5114
6951,6723
2675,8056
2875,5010
9291,2198
7519,8177
2397,945
9338,7278
6017,4500
226,1596
1570,6897
5265,7452
2783,4912
5460,8949
1105,2568
6805,58
2148,9544
6401,2675
7618,8990
4280,2937
3713,4160
1061,7799
719,9920
4357,4024
1214,7630
5825,665
230,6936
2158,1893
1530,4868
8895,8237
5347,1788
666,6715
6934,5486
8252,4674
5187,4315
2070,2357
9646,8593
9220,9994
7748,6278
4950,6400
6456,9718
8860,421
1469,878
4878,6307
3454,2897
5100,4752
8148,3726
4560,7484
1493,1945
3345,6615
3837,7067
5037,4836
6990,9521
3892,5596
3,7565
4163,6637
3174,4209
147,4608
3722,9134
8817,110
7545,7007
2345,5980
3218,1031
8697,8655
5680,3327
6486,6663
9031,8058
9012,9394
1071,7742
1377,3908
8335,9115
5193,3578
1843,5892
484,1939
8385,896
9512,887
9541,2710
4905,3219
292,3831
9849,6615
9671,9626
9767,893
3082,6391
1635,1702
4874,4039
6813,8360
1222,9168
5323,5427
9712,1978
5408,4087
4061,6851
1065,1268
5851,784
9232,2931
6653,8993
6325,4888
565,9696
6756,335
1188,1739
9589,778
3193,7542
7623,4641
5715,3221
8955,7058
7935,4106
285,6290
3406,5775
8274,3039
9003,3110
3595,199
6500,1944
2254,1950
5502,3107
4271,9348
21,8128
29,8743
5367,7287
8745,3956
3686,8437
1344,7082
145,1706
9020,4109
3827,6345
9009,8872
1370,3826
6508,5216
5985,8789
9430,183
7808,5098
7736,9551
9113,1678
8826,34
2271,4146
7384,7441
7812,7275
8461,6890
4918,7940
4961,95
5064,3973
7826,6705
5072,4564
8930,4930
2058,3882
1123,2442
9335,754
2584,6366
2771,4366
8262,4421
8609,4514
2340,9447
2875,1477
2288,4439
6927,3449
1758,1324
8393,6420
4451,7115
6317,3761
2800,3062
5099,4559
6539,3140
4359,6299
3002,1230
5871,7390
8693,276
6712,9947
1613,7615
2113,2658
5506,7492
877,5953
5484,5689
9535,5881
1487,8372
735,1928
193,2139
8127,4107
5149,6705
5048,9329
5608,7347
2814,7630
8074,8551
4607,680
9173,5816
5076,7715
497,5487
9941,3075
3773,5194
1988,3700
3170,3989
643,11
3828,3876
9134,4742
1702,160
6772,454
5075,1725
38,8332
6287,2178
6929,6406
7340,2499
642,6668
6291,4266
9084,779
655,5541
2765,1265
2893,806
6525,892
6668,2199
5453,8799
4167,2859
2514,7438
7028,7027
3934,650
5484,5264
1091,9784
734,1333
4857,6681
2394,848
9123,2127
607,1790
8003,6348
5594,4833
8835,222
733,8433
3686,3003
1375,3776
3080,1439
5727,9812
4649,9530
2631,2672
8546,7369
8476,1414
6093,3110
8536,5571
5774,6556
698,7932
451,1640
3994,8630
6318,2366
3769,6640
211,3441
6590,3735
6529,4638
3948,7305
9619,9255
6208,4862
2527,9997
7296,9208
1458,9914
9285,2984
8313,3273
3263,5141
1737,871
1678,3128
1831,9516
3329,6377
1799,5508
3814,6537
2192,8735
6804,6256
5719,7326
3297,9510
9740,3610
9615,4904
3635,8772
7930,9988
5283,9067
9092,7446
1714,9579
4927,1914
2404,4561
9698,7433
9851,9386
3820,9497
9886,6321
2570,7976
3527,6193
7098,9823
2211,2882
6049,4524
8205,739
7476,604
4570,2748
4952,8319
6375,6327
1969,3467
6715,3794
994,8424
1821,5136
4336,7394
9346,9075
1202,9188
4379,4964
3864,5171
4342,9764
1734,4809
5357,5663
243,853
1484,9914
517,6905
2594,8834
8240,6644
330,2241
2627,7285
2744,7310
719,6273
1613,4903
4502,5471
7825,6484
5638,5511
2371,1999
5733,2146
2533,1745
8624,9309
8178,2224
3837,6685
931,3068
3961,9397
7822,9570
9738,7779
817,8388
8547,4377
1502,7042
7820,2041
9073,4443
1041,3205
1743,1413
6872,407
8025,8709
3606,7318
9126,881
1175,7681
2969,4140
8557,4713
6377,5609
8512,2232
3431,9419
4608,9527
5783,9159
6030,5289
7852,647
1678,9452
4917,9537
1712,2946
8044,6115
743,2055
6916,8422
3106,1950
2919,9945
6822,8068
8945,3686
5894,4113
8066,7639
3080,5031
1088,1451
9864,634
2776,6092
7303,8664
2677,1870
6955,818
8559,19
2646,5359
6487,102
3167,9215
6519,2988
7597,7899
8805,3600
5357,3339
6439,4159
2336,4561
1195,8422
5515,2966
176,5988
9837,482
1181,5359
9484,7217
4276,1049
6690,160
7843,3369
5741,4150
2897,7271
954,1635
590,6999
1985,7147
5352,7519
7408,623
9956,3565
462,3382
7273,3462
2006,4509
9451,7833
9018,6183
3664,2444
9406,5013
7457,4950
8977,8468
5928,1557
65,9671
2675,1707
7433,406
3841,9074
8932,1142
5596,6392
2550,6115
4497,2675
1640,7082
2346,356
5892,1331
5440,4744
9018,1213
2385,4193
7998,4844
554,7290
3406,8230
1363,669
7383,6631
5763,1270
2737,4847
6414,2871
4430,8110
9741,6068
6294,1946
8983,3123
5845,1371
8213,1056
2451,9319
6221,236
5133,4260
7325,5222
6901,3245
8446,9619
9073,6320
5308,809
3867,413
7532,9300
9933,3869
609,6391
927,7024
4415,9466
3198,8874
263,3469
512,2269
7716,4405
451,1502
1254,3768
135,1568
8845,8073
6089,612
6003,1358
5333,9829
7218,9113
2511,791
5797,2092
7433,3800
1853,4248
4654,4291
52,831
6105,2895
8319,6242
3249,2159
12,8344
9199,5652
9374,8813
1650,2836
971,2797
4253,5244
9479,2985
1697,7744
4972,8811
1568,510
3308,4597
6619,9285
8163,8774
1951,7563
1063,8085
3288,4105
4930,2085
1523,5117
7283,5380
138,1877
5971,5432
3793,7725
1987,6977
2450,8995
9742,4038
6638,5549
3885,9836
9442,8514
6266,5943
510,4267
977,68
8343,1666
6235,2069
3519,6016
9150,4379
2679,5794
9611,3939
34,4688
7085,1630
5128,4907
2151,5886
4311,4420
3680,5342
5353,56
7937,7940
3946,5901
2739,6587
106,1338
6818,3375
5049,8928
8841,6458
5583,7643
8686,1345
5219,3930
7961,7480
5984,5218
7207,6556
9792,3111
6797,7078
4518,4193
4081,8495
2760,2910
5280,4775
3628,3784
9365,1090
6858,3868
2005,4764
5024,4339
1272,7845
2063,2152
253,9525
6378,1183
3672,7753
5813,8177
9536,9141
3942,4812
8600,3489
54,3823
8984,6972
6128,9738
5937,7621
5043,2761
8592,1514
7404,1288
322,9805
4090,4035
6042,8833
7757,8930
453,72
8294,3394
5878,9953
862,8495
5947,7057
4246,9049
6555,1836
6332,8464
7962,2531
4134,2546
6534,5367
7699,7856
8842,108
1353,329
1453,2375
8333,6510
3589,2282
9737,9728
2210,5280
6677,3667
3924,2637
9780,4106
6209,6265
1595,343
4024,9308
4170,6543
7863,6849
6375,435
7928,2629
4205,7685
3262,1434
4438,3643
5350,1937
691,4701
9442,4732
9765,9971
9307,9242
6187,8901
6832,2598
6118,8418
8152,1973
9510,5914
8131,8855
390,3664
5929,8656
6772,3779
4627,9627
9160,6469
9969,4697
9425,8832
9017,7292
5646,3374
8100,5978
2311,582
8226,3253
6465,680
846,9791
1095,1282
9040,4210
7897,9171
4352,7803
7623,9939
9262,2420
6150,1854
119,517
550,4380
5465,987
3270,9922
295,1866
6255,2053
4429,176
9498,7438
8021,409
2675,3825
3700,3748
9471,5687
7341,9899
5686,9117
5770,7705
8622,4686
6833,7092
1714,2267
4033,2001
5302,2924
2990,325
1948,369
5280,8013
66,8235
8196,772
300,9872
6940,1372
1695,7943
1086,7053
9727,9315
4845,3165
4473,8414
3526,3756
9310,763
6748,163
6457,5114
4457,6236
142,1410
8380,5323
5917,1969
4951,1055
65,6572
8330,4956
8638,4155
7425,8229
4299,2925
2353,6478
4861,1115
3455,3837
4753,1730
6325,7783
9517,4360
1007,3118
7929,1993
6207,9255
6462,8349
512,9745
9142,5578
7874,325
4968,7353
7698,4074
4723,930
8083,2823
8791,8058
9419,2026
3681,5992
3005,2308
2435,4384
3113,1375
6123,2701
4538,3175
7149,9420
4771,6679
1446,8143
3676,2435
1667,6111
8071,9166
3563,3335
3101,5507
548,3696
6314,1769
2091,1691
2150,9166
2312,5339
881,2893
8264,9339
9138,8339
266,5080
4017,3148
3129,5779
8223,9019
276,6127
3578,5590
5064,2176
4938,2313
4775,2517
7315,2497
9883,2227
503,6533
7492,129
8581,4700
6541,9943
1506,1959
1416,7129
1319,3820
7283,3586
3867,3034
5706,8648
4300,3829
3838,3416
6662,7483
8090,1595
4005,226
7082,2635
2574,3254
7460,3813
8923,1457
4265,9852
8652,5418
814,7917
309,8358
4531,3050
6693,3247
423,5028
8275,4067
9859,1595
9985,157
4909,6621
3815,6375
5019,7078
8955,3792
9863,4537
4788,9236
5184,5944
1834,5735
4580,3799
5102,1746
5409,3728
67,2387
5053,8510
9484,4673
1966,8299
3095,6279
1763,7486
9689,7639
8927,6819
8423,3337
1149,9581
9777,8891
111,7525
3962,4011
2858,2455
9730,6538
6341,9163
6315,2258
48,1865
4868,8259
4220,8701
7301,7233
3062,1634
7211,4741
9078,1675
9988,4701
6006,8338
7030,735
8787,7107
9278,1801
2009,7510
2542,6414
5804,3508
2205,8947
2294,1031
5137,8882
8494,9989
4615,4128
8512,6259
4699,8907
6939,7193
1963,9940
1807,5361
8760,9226
3929,6465
2356,5626
5827,9431
2288,4372
8449,7309
5338,4218
630,3195
1885,5751
5724,6961
9569,537
7732,282
8699,9522
4488,8747
7610,8125
5473,1004
925,7175
8545,9286
3763,9412
4713,7210
1367,3043
2895,7138
1309,9456
3423,2548
4526,8422
965,4369
9254,293
5174,2519
8412,6193
2839,4576
7225,5299
5686,7964
9850,7128
6815,4328
3326,176
7613,4822
7522,4282
8484,4256
1520,4817
4371,9858
6912,8586
3488,3105
8056,8078
3405,257
573,2934
8506,9655
4928,9419
5388,4284
8530,835
5094,3059
74,580
5674,8909
443,6956
708,8941
3848,5957
4014,6571
2089,1112
4358,5869
5044,6439
4416,1592
3595,3164
7540,5400
7889,3928
2011,6610
5635,8766
7854,802
6122,8982
7490,791
2196,8591
5798,4280
4689,7391
9144,6760
4725,196
3876,9337
2285,9008
8936,7488
6805,3799
8165,1718
3891,149
9133,6813
6921,1172
4346,5404
3428,6956
8641,2852
2469,5913
5506,3070
9209,140
8375,6779
9578,3132
6089,958
6108,3249
8899,511
3498,4345
8048,5619
5141,2
3353,7360
5813,4925
1080,4145
3624,4803
1313,1797
7052,5892
2339,3950
5692,1345
8264,5379
661,8433
8775,5497
7949,5680
290,8699
2377,5191
5030,6904
7131,3993
2643,6886
9767,5514
5464,513
7900,4924
6499,8592
513,9408
992,6353
9216,163
8928,6457
5061,8564
549,659
9827,5552
1857,4399
568,4219
8348,231
2243,8292
5576,3128
1194,6869
3133,564
9649,5596
9773,1852
86,2541
4508,3956
1827,3851
5457,9330
2732,6903
9334,4051
6791,5243
6457,9670
5275,9002
1005,2162
7720,1696
7765,3381
5083,4999
7302,9078
9034,7873
3291,2791
5158,8539
3458,4501
5065,3175
6890,1039
9052,2422
4516,6475
1752,9066
7501,4943
8549,1928
5498,6884
2118,2561
3991,6920
2778,3290
3700,4802
3682,5059
1262,6223
5107,1983
985,669
5986,8482
7245,3219
2509,2190
1412,1574
6692,6341
9759,8806
6859,7858
8085,7775
6950,1013
4538,9657
4013,2863
2277,4151
8281,2685
1148,9635
7567,2335
6459,931
2972,981
651,242
5248,9848
5018,3767
277,3734
3601,7075
3503,7974
8713,3886
2536,1677
8088,5019
89,6016
8619,5198
5969,5024
6390,133
3270,9861
564,6233
5459,8506
52,582
3300,5735
1956,4337
1315,9122
5585,1833
5256,9405
3479,2122
8838,4526
4320,9602
3036,4047
2033,3344
9972,9249
7215,1616
22,1322
2234,5980
2155,9557
3936,3693
3744,8355
9468,2764
6064,4844
1772,8339
7511,1459
1246,3368
3530,3984
958,78
3271,748
8838,3066
4286,7669
4384,1632
4450,1515
6305,3212
863,2519
4312,7320
1962,245
2537,7422
1902,3217
8760,9733
4223,2161
4450,4475
6551,8482
8251,9807
5682,5505
9764,7778
5268,7893
624,882
6251,5669
476,5502
3744,8055
4150,4979
564,6977
8328,1246
6061,819
5755,9045
7770,5202
1365,3622
5963,6444
176,5154
3069,9658
6449,8418
9379,496
7972,5623
1135,1975
5007,7429
8719,38
3114,4007
705,4115
5357,9143
6877,8591
2803,5957
142,2231
5803,3949
8596,2026
564,5726
3817,7476
4801,3471
3302,3125
3149,3468
7878,2479
8756,5874
4925,8477
9186,6736
9405,7937
2859,4779
8233,775
7393,2755
3962,6498
2915,1226
1045,4799
7994,8327
5304,7712
9897,8652
2737,9696
652,781
9411,968
5477,3193
3682,6153
3829,4424
6897,2236
4887,1866
2687,7120
2916,560
9595,7892
8684,7708
4621,4468
475,8045
6446,5255
1700,6497
5906,4411
9644,6502
9625,5454
9390,6377
2733,681
7617,389
5944,1832
3603,8290
5798,2825
3694,5101
4871,1481
5434,4990
5891,6164
4432,6836
4824,7400
236,8011
7524,9884
7375,9191
2668,988
6113,9003
9243,4763
2726,7253
8991,969
3207,8476
8222,8526
2282,8736
6162,4138
3581,1283
6292,9581
3220,4293
7277,7791
5819,7075
8577,3672
1401,3113
3311,2746
7071,8594
1639,8572
8892,446
6209,5438
6308,2461
6135,7640
4734,2802
1047,6476
4002,9981
9298,306
1856,5636
5692,2454
6423,4668
4774,138
9478,9322
6084,5019
9779,395
6008,1156
3218,5538
2893,2601
2100,1263
6720,2152
5042,52
4251,936
5150,6824
6214,49
5324,346
569,6375
2374,6069
9196,8031
7417,9654
3403,2189
144,3834
334,5760
2959,4254
4769,7171
8891,5998
6679,1787
9048,226
627,1905
451,2255
5476,1357
8347,2052
6926,9937
5602,7614
4838,1688
1660,395
98,8638
7728,7935
778,7746
6926,729
1600,1034
5341,8162
2931,7863
1762,1243
7574,164
1911,4219
2483,187
6299,4934
9593,2736
2953,988
8708,850
8669,9271
6506,9212
4581,8064
1490,523
4689,4912
3571,3210
5122,9423
9487,1128
9141,3424
7912,4267
7271,8992
8962,3162
9284,9361
387,3197
3380,5458
3442,4740
3689,6611
8847,2217
3570,6486
389,9050
7141,4077
385,6566
5750,3860
514,2504
5500,5196
489,4416
6050,6403
4278,314
4614,2932
3775,7216
4249,5839
9711,4428
9110,2170
5872,5427
201,540
3761,2613
7618,3869
1609,3552
2526,3802
2007,428
5602,4082
5858,3122
4609,1164
1806,4381
9386,1757
456,8925
1618,8176
4613,901
1885,9465
8959,2702
6419,4317
7287,7195
1625,3489
7562,3418
9934,5437
4095,1916
7874,8157
5158,1788
5812,5565
1267,6556
1462,7495
1841,4624
2662,5808
7768,7818
7389,5974
1835,1040
422,3156
2065,9831
7444,1952
7132,358
1391,6725
2288,7393
4432,2054
4155,9999
9519,9605
4941,5222
2965,2539
8917,1813
7916,4907
6562,9951
4067,7249
770,194
9761,1332
1179,1258
5181,1294
4561,5525
1546,2277
6940,9855
9482,4098
8306,2076
8071,7419
8065,8049
1455,8389
8746,3417
5905,1904
9361,679
3891,6166
6803,4551
904,1625
209,785
8107,2429
9688,9290
1551,2091
910,734
9025,5409
1735,1714
1959,685
3909,8175
3773,8591
866,8266
8917,4025
2380,566
2183,9692
7619,1086
7896,7701
8197,4667
9697,9645
4797,6594
4869,2620
7080,5869
4076,8727
5824,9523
4884,2763
8783,1296
2843,219
1250,9221
3668,4069
7392,7658
8250,8356
8271,2370
5652,1366
8324,9323
1260,6351
9151,4650
3842,5956
5733,343
7308,3790
6248,9505
8612,4560
1541,8663
4032,5071
5974,3898
2352,9281
5225,279
2675,3379
6444,4509
7195,2710
5774,801
1224,6291
2606,3152
8560,9093
4339,1140
509,2429
185,4999
2876,4978
1487,8203
5546,2333
205,2608
4931,6240
7416,1127
4070,341
9611,4976
5203,5055
2337,6490
7845,250
7051,2678
5621,489
9875,7396
4754,3768
8722,1918
6833,9245
1986,6457
5570,8637
3777,1259
5827,8768
2313,9767
9910,12
5205,8214
9053,2013
547,2261
5452,4182
4522,5111
5816,3445
3254,5933
1219,4203
5703,1904
3908,3224
577,6761
9257,9799
1562,4721
4231,836
9533,7118
5330,7173
2755,2312
7069,8467
7502,1101
4850,6358
1838,1598
19,4454
8670,7410
3037,8129
4674,7416
1394,7370
5152,6317
4053,1909
1858,6202
238,4476
8356,2987
3984,9573
8050,1781
2488,9099
2038,7632
7011,1739
8550,2701
886,143
7729,6705
9263,21
1654,9032
3265,5262
8707,918
8357,7644
2887,3051
229,882
6382,8001
8459,4508
7782,6755
9291,8561
2805,227
322,2408
23,1887
9381,3377
203,2516
7308,6687
4592,6971
4436,9031
462,25
6834,5234
220,7065
7091,401
5722,5025
8995,5232
5383,92
2359,4262
9536,5086
7302,5408
3324,9520
6078,6125
3206,3878
15,4761
847,8568
9440,9150
8172,7749
9545,3811
8063,4664
442,4811
3437,5852
7066,4093
7094,7440
6094,9593
6762,5439
6552,4055
261,4237
9921,871
9723,1785
2577,3224
3817,9511
4748,4145
9134,509
913,9611
26,1119
1284,3902
83,5536
2892,2234
6649,4797
359,3356
8259,8935
2185,4232
1730,1775
7472,8665
3743,3370
7333,8197
3795,7697
52,782
4259,7160
1455,9866
454,5383
2617,1900
822,8617
252,6750
2994,7495
5202,4123
2975,9430
6096,818
8734,4644
3688,5983
2474,6861
9001,3372
5333,4366
4713,2407
1179,1434
1083,983
1879,2305
2516,3603
6580,3963
9276,6206
1415,3890
9339,3613
9723,2132
6478,4129
3968,9085
7595,9175
8104,1072
4372,498
3374,6354
882,4566
5517,4377
8694,4116
5447,9807
8814,538
7597,5251
3106,2283
3985,8770
3373,3412
505,158
6538,8547
4579,3952
3570,8476
6910,9202
4959,3161
1006,5550
8360,3261
1476,3630
1774,3581
3034,2077
974,9117
3234,7134
7158,923
301,8410
3959,1001
5740,1190
574,7686
1898,2746
9296,4462
3768,7587
2051,9374
9077,2014
6379,4501
3605,4735
5129,4977
1383,8113
5837,4246
6110,2749
9310,3281
7263,5990
231,8736
65,7009
9388,3092
8512,9274
153,7747
985,5624
2387,8656
4359,7217
944,2762
8168,7642
9352,6062
540,6862
1876,5650
2572,4244
7596,1160
738,4139
159,2352
8426,4284
4852,9911
7516,286
4830,2219
7133,5004
9466,8091
6483,2216
2520,7560
3654,8476
9233,7779
6052,4959
6066,9754
967,6458
8165,4574
2140,4859
8950,9553
8336,3448
3411,8036
5304,5554
2327,3844
4038,1485
8513,6936
5,5214
3442,7276
6572,4143
6359,3136
9685,6371
4802,999
4863,266
9045,9139
1255,5229
2884,9414
7227,4550
9048,9385
893,1459
4445,2342
6935,6627
440,3470
3381,5934
5691,7651
169,7995
4142,485
9253,1167
2029,3913
1028,9074
4109,2720
8476,9762
5973,8443
1245,6548
3371,7625
5520,6584
196,5801
3546,1305
752,4367
9165,57
8284,9131
9167,7972
6852,816
1502,8864
9242,1828
6306,6267
5006,8547
819,627
4655,915
8891,299
4471,9007
4515,1196
3451,5005
4228,4645
608,5384
5382,2332
431,3968
4204,217
9874,5614
8303,6305
1208,7565
5875,4500
1574,7624
1004,4319
4552,6036
4207,6500
9822,2950
7801,974
4752,449
1915,7162
689,9782
535,2260
3404,1354
9418,9127
1288,1663
9260,306
4483,8725
6534,143
3615,6675
7338,5278
2984,4867
2727,5402
9952,1369
6251,2203
4843,1804
9632,1475
8073,6135
4824,8221
6224,7515
6243,738
2846,7264
6269,4590
7696,9456
8303,5454
4119,9710
6176,8808
6689,5120
5561,4620
3357,6023
5053,4612
3569,3870
4689,3294
2149,4647
9580,2946
3231,2506
9447,2255
9984,9554
5655,659
5420,8578
4,5378
4533,5501
5003,9524
2764,988
1922,4228
1179,4509
4120,8154
9248,5341
935,7881
7067,9778
1291,6982
5926,8152
9485,9756
3156,9918
6161,4484
5238,7350
6407,8733
1643,1282
8335,168
7526,4416
997,6168
5655,3336
5676,7730
9509,9532
134,7260
9933,4382
8992,5835
63,277
4118,8815
7736,1862
5305,4758
8987,4474
7152,1790
3994,4689
2226,3530
285,5985
436,7312
4944,6808
603,9858
6805,8397
8558,9452
300,3591
5654,2631
1322,7211
9226,5995
7027,4288
6755,8314
5239,4752
8019,8837
3353,5641
7802,1992
8677,6305
4570,6524
6148,1915
5832,7046
7827,3022
2219,1212
1734,3779
9087,3070
2129,3122
2893,9765
1401,3509
7117,1781
8587,6528
5702,5463
1073,928
5313,7000
9704,4575
9598,4100
9413,5657
2064,1394
644,4049
6192,5600
3781,7372
6674,737
6000,3751
5866,1893
5937,175
7037,2953
2274,9295
4652,5257
3660,8643
2142,1502
9329,9778
3220,276
1863,9575
3267,2255
2630,2442
3036,3471
9737,1246
7452,4360
7345,1749
9765,143
6329,6331
2263,5499
5162,4147
8949,4159
4129,122
4163,5881
9103,6453
1516,5943
4889,5692
7017,8862
2436,8502
6248,6764
2256,4607
9963,6259
2169,5601
5106,1581
8938,9526
3126,1923
9292,8756
4077,9309
9905,9304
1360,2709
4496,6653
9237,7194
6651,1309
6513,2742
1519,3345
8985,6424
8148,4017
889,5828
7698,5997
996,4593
8730,8149
5347,758
4371,6307
4423,2880
9926,9120
8108,5405
2848,7037
6531,5360
2638,591
6523,9407
8002,5375
2736,679
3596,3376
5373,6731
2668,560
3717,7230
9088,9554
7482,535
2436,1145
1995,5978
8330,9135
9449,6017
7281,49
9507,1598
99,5729
2310,709
9004,112
7032,1311
3002,1911
7019,2107
6073,9550
7334,4053
7779,2316
932,8930
2646,9662
9124,5173
9383,1097
8993,7458
9710,9238
2403,5176
4547,9125
2837,7303
4294,3025
7847,6935
2784,3005
2146,7628
9044,4012
9648,7236
2192,942
7047,7219
9531,1426
7728,2087
6382,2242
5441,640
7446,292
9691,9539
5327,2650
268,7507
4645,7907
9250,4798
6556,7345
4147,4858
9277,3227
7221,2474
619,8505
4906,4409
8467,5019
1938,7663
6089,6986
3419,3765
9288,5787
7853,5142
2129,6347
9578,2802
3859,729
622,1088
5955,4535
8892,1239
9252,4605
276,8995
2648,4677
6529,6950
8952,4337
3385,2071
4113,8013
5455,4437
1520,8119
3333,4238
8795,2324
8197,9652
1461,9279
2919,6290
1462,1888
8086,6916
2750,1977
2770,2705
2073,6543
8801,4859
2452,419
5177,7161
7317,7908
2184,2906
6464,9863
7970,1886
5025,5207
7835,3797
2161,3923
4707,1279
8519,3056
3604,5155
7971,3739
7394,8166
7946,6734
8644,2836
1403,1542
285,3574
4369,8373
8744,7958
2077,5405
496,128
8429,1385
3729,1846
8596,4622
9646,2542
3511,8504
5213,7485
6066,7032
5390,1882
3535,7314
9938,33
8584,4299
8836,97
2247,1402
8870,5586
4886,6558
2800,4711
1581,1144
8233,8045
5577,2022
5176,5678
9499,1472
1354,3243
8771,139
3668,2853
5963,9949
3626,1303
7948,9151
5531,3232
6448,4284
3568,7313
1587,5522
664,3492
7062,1527
9706,1254
2311,8370
5240,757
3309,1907
8683,349
3562,2645
3102,9351
3514,683
8433,5148
3119,3939
8870,9942
126,3223
2165,3463
5832,4738
8101,7518
1042,1826
3488,8138
4105,3610
5714,3565
519,6665
2053,3277
8174,7962
4554,904
5869,4691
6854,5870
1761,6929
9101,7486
8818,8107
6793,3389
2108,1226
1262,9797
1881,8046
4454,3813
2231,6930
1241,6097
8165,4919
5672,594
5596,2593
8085,9099
2048,3076
9649,8239
528,5520
7489,5580
1281,782
1475,3786
3263,6567
8780,1221
4761,6592
3027,9752
5836,4699
8575,6998
446,1370
6519,6582
7625,2073
6217,9064
8233,145
9456,7684
2844,6809
4036,9763
8492,6135
7877,8360
3314,1394
490,5573
5436,1810
7826,5047
1559,1906
5540,9894
3304,6399
5181,1680
4218,7019
8061,8138
5233,6194
2968,4153
5758,5679
7408,2130
1172,8081
5303,6736
2342,1407
7364,2205
458,2656
527,4551
6976,8757
8832,223
3202,9539
3512,331
7451,7261
9851,2172
9032,7922
2921,5070
1982,7263
8316,2235
8270,4241
7858,5131
9079,2184
3610,9667
5253,5959
1255,3456
7691,8496
4046,6470
1503,2216
5252,1972
9013,4691
170,1982
3829,4145
4432,3749
3484,6484
6781,2817
2288,3021
3057,402
1304,3840
4778,7663
2058,3563
240,8605
9278,2676
4911,1519
2545,8799
612,2
9576,1785
858,4603
4948,8301
8828,1758
7290,5356
180,1053
9100,4896
5385,1616
1480,8722
8868,9162
9341,5201
3921,1560
5558,1461
7883,1009
7644,4188
4839,932
1437,6366
6451,6268
1182,7542
9723,7463
4201,6704
9532,7644
9033,5360
9192,4913
4217,4115
9816,1064
7616,7138
4092,551
664,9194
260,4727
5701,8243
308,4901
12,9368
2170,4190
8999,8767
6984,3397
4392,1023
3221,8441
7649,7324
1569,1154
5961,7733
6679,3261
7907,6798
2267,8234
7466,7796
7216,7745
6220,2823
9162,7160
8389,1932
3249,2938
1928,9009
5875,1083
6916,1417
8233,122
319,9056
4001,2565
8317,435
683,9300
632,7861
1833,3102
1404,1878
9357,6757
7673,1603
4993,4753
2307,4670
327,1142
2518,2538
3713,7350
3902,4825
9837,6136
2793,7232
2564,5270
1445,1121
17,8543
4021,2462
7948,3856
1982,5732
5071,9697
7767,7866
2014,2700
1503,9533
215,2230
5348,2271
8748,952
688,2058
2614,1215
1350,5958
1066,6740
7674,7887
8224,5672
2776,3889
160,5851
5332,9659
2419,5371
4156,272
259,5691
1822,9671
3752,9643
3331,8723
8358,243
1507,4128
5279,7328
6653,1781
4731,480
1327,6468
9424,5342
1999,7047
6670,8591
4302,9171
7108,3100
622,3114
9277,1419
9891,1532
8732,5538
9616,4175
1680,6767
3945,4506
8590,4408
325,1268
8099,7201
8484,9528
1337,1062
2449,6
1845,4839
9795,3980
57,1114
2264,7242
5719,4683
6974,4810
5562,5096
4264,5953
4731,1704
6389,674
1624,4933
4359,3047
5541,4155
2286,2678
7404,4027
3131,692
5931,8533
3111,8203
6180,2049
4567,1403
5803,9591
5333,5895
4406,8690
4198,4079
985,5174
851,5754
401,7587
4135,7903
6563,3836
2328,7281
1336,6481
1409,4295
5194,6138
5147,9886
3717,3487
845,5221
872,4741
4595,6339
1715,9486
184,9831
8786,5616
5884,4547
3180,5617
1989,515
664,7973
6849,9013
4223,3303
8980,9542
623,425
5724,1338
2247,8116
3460,3181
6660,6695
7116,1329
2385,7300
3357,450
674,4809
4026,6298
679,5960
181,9101
5173,6590
6181,4163
9684,9992
9231,6982
9032,1994
2416,5895
7380,8455
9337,9927
7990,8789
4878,3995
7655,6579
1656,3640
9582,8381
1071,9544
2851,2311
8473,8497
9927,6133
9509,2240
5952,8209
1435,9749
402,2656
7976,2704
7749,4628
9575,5128
3479,2529
6665,3332
2424,6545
6764,283
9287,1067
7830,1536
2413,8494
1485,510
7114,6234
6081,5817
6886,109
4557,6739
9318,6153
676,4938
5624,1271
8522,8379
8224,3239
667,9753
9892,468
2163,1422
7713,7413
9032,8668
4972,9123
8489,7894
9929,117
4576,4397
5628,982
7348,284
5193,4476
5617,767
3388,1811
2153,1784
8073,5635
4755,1297
5891,1410
5794,2822
338,4277
2651,3969
6470,5786
3314,22
7162,3376
2402,5720
8703,9859
302,4920
2756,4859
4081,5558
451,1981
9693,1043
248,1615
4328,8296
6852,3578
3789,1571
4557,5365
9053,1338
5000,8899
500,5858
312,7843
2905,8351
3995,4990
1757,7860
7637,2044
3180,5151
6479,6518
1653,4898
9701,8309
4126,4428
9028,6619
2911,5248
3779,3756
1913,9909
7457,8379
6467,9617
607,9052
3475,4936
7409,9168
8042,2962
777,2709
9588,1674
8787,9056
5562,2688
9665,1624
8292,4638
2727,4268
8037,1599
3193,527
496,7274
7181,2017
3655,5276
9015,9814
5325,1659
7191,3220
5392,2219
6527,6351
3978,9992
5837,7174
8035,4805
2973,1646
2630,4768
9756,5724
4395,9306
3516,299
1440,421
9884,5194
9847,2223
5952,6702
5422,4794
1157,5363
6969,6231
5032,343
2977,3659
2253,6581
9558,2370
5744,695
6253,2139
9587,7485
2228,7554
5002,3684
2774,1871
8803,4887
9142,3077
8570,5213
7501,5530
827,888
4108,8403
2020,9440
5730,1924
5115,200
433,3932
4727,8071
4638,2197
1060,9782
6170,2549
8460,6079
8047,206
3713,2014
6224,8443
2794,7711
3661,4000
314,7751
6541,7406
9548,2758
5886,2678
6239,1818
1435,3947
5891,3508
9105,7109
7542,8579
6489,2844
4485,3612
4617,7493
8812,4153
6945,1726
1613,5303
6977,8104
1543,8962
6016,6960
6344,6229
5228,1277
9405,7641
1027,4657
1932,9540
5802,9791
3035,6682
9365,6733
7383,5259
9048,5317
1557,9116
876,4965
3358,4672
1629,7832
5778,9495
3627,1718
1904,1825
2348,3356
7265,829
1684,2438
146,9310
9377,1665
5328,2053
1272,1252
1263,4933
8386,881
3570,9152
3907,8332
4612,7479
7667,8354
5943,4879
2708,4311
7620,1484
2195,9851
9714,5858
6947,6436
6061,7904
196,5907
2065,9074
7147,3130
232,4408
1072,2251
7779,4681
6177,4147
5972,9222
3788,6220
8538,4625
8488,5648
4484,5952
827,7813
581,2064
9469,7658
521,9194
206,5866
2479,8664
4697,3489
2249,9753
6228,3740
1837,9305
6220,9442
1504,9625
5184,6339
4706,972
7803,9862
576,8495
484,8289
7932,7794
55,5308
3447,3288
9355,1408
8026,2544
9487,9132
1147,7039
9296,1318
4023,1632
2276,208
2942,7368
3365,6375
5194,6606
5823,4017
6442,2546
9799,1543
3766,8847
3420,7905
3299,9018
2003,8817
1187,4123
6297,4296
1930,6298
9441,5356
8480,9979
5417,3781
3205,7837
6230,2894
5837,578
3920,1529
1529,7219
7128,5124
8365,8541
5389,1867
6251,1276
4189,1812
179,962
4724,482
2972,3166
9390,4534
6939,9302
2778,1619
2716,322
5713,4654
9062,4410
5570,5838
2899,1173
2256,622
6937,5388
2375,8053
2436,9740
1522,5594
4254,374
1223,8411
7536,6263
5320,7999
4613,260
6538,9090
5396,3781
1854,5660
2198,2633
1558,8113
5473,2545
5368,6709
9467,3887
7549,7567
5986,8390
8666,2168
490,3626
36,7499
2563,3520
7016,7056
1521,1844
762,6774
6645,1808
2063,6664
955,7533
7163,915
7818,6692
1478,8601
2884,9455
6363,5804
1862,6493
5724,2481
6895,2505
7900,6949
7240,1515
5071,5643
9504,3346
9816,1791
8915,4847
1366,3055
1281,9176
6746,3747
7167,8992
6003,3751
7137,2746
2737,7925
4123,7630
3717,999
6446,3338
2113,5996
139,3631
2476,2411
9955,5553
2570,1497
9757,111
4356,5794
2170,5525
3832,7286
1775,9322
1960,1558
6981,1678
7443,3821
5652,3854
2049,9812
2348,8331
9088,2195
6315,4458
1355,7797
3703,9503
4939,1478
9834,5692
2497,6692
8123,1962
8612,1032
2937,3802
6952,8662
6346,635
9040,2331
1320,1124
7129,736
3496,7974
5233,2473
6600,4048
5984,9266
8,3797
9911,8043
2683,5308
4634,798
4245,8114
5781,4446
2604,4912
5369,2897
5504,7501
6402,832
5143,9806
2643,212
5672,9677
3627,6039
4274,5365
6002,4529
1972,824
5,1357
7198,6500
3725,5070
2544,8551
6552,6950
6400,7586
124,9934
5938,8553
6788,1829
8572,5668
314,2412
6166,6409
4571,8650
7787,5994
7974,6940
9615,394
5483,8944
9018,9175
6315,7961
2325,1703
5960,808
8513,4821
6941,7680
5577,4782
6176,7473
1394,3507
1389,2868
4584,427
5178,6121
1796,7639
7373,816
2881,3505
9571,9285
8008,8020
887,3617
9248,7783
4477,8203
8803,1905
4675,6840
1606,4693
405,5918
174,3789
9304,7727
7192,6570
6097,1798
2243,2942
3163,1554
2235,7499
1541,6239
6932,9663
2518,6665
3989,3943
6671,2031
6388,5819
3059,3106
3516,378
3291,6944
8697,3024
4024,3916
9590,9230
6919,4668
7466,3682
7322,6670
2698,468
7823,1656
1414,6492
7055,3295
557,565
7460,9539
2707,8020
6543,5748
602,7099
1656,318
1834,2672
532,3906
2243,1151
6466,3615
3004,6501
5467,3349
1558,8897
6548,3733
2459,4489
1872,3935
4898,2687
8855,4548
3871,129
3468,1099
1206,5958
8708,6723
3826,3240
8545,4780
4192,1419
5350,6177
2274,5819
5773,1940
1664,5754
7078,2115
104,5836
9160,8559
9358,2100
6389,6030
660,8060
7231,4501
6387,5596
7853,5685
6408,2439
1653,6226
9717,6050
3596,8277
2280,6307
8891,7167
12,1583
4605,2283
2841,4742
3792,9402
6016,8408
6497,356
646,9701
2041,1479
206,5572
7613,8841
5173,3216
3146,2160
8254,3487
6152,7066
6211,2660
8619,4610
7425,4338
2518,6476
8176,6773
5971,1914
4856,8373
7452,7092
5283,1033
4491,9211
4933,3301
7121,1053
4596,8369
4741,8076
5076,8250
6665,1308
8509,715
8718,8985
2120,4488
1721,1466
8688,3340
8346,5500
9256,4171
5304,4849
4418,6209
6462,8423
7701,5499
9105,6287
3028,4523
7618,1223
5284,3787
2886,9528
4738,8470
330,7158
3741,9596
4821,4628
3639,4180
2854,6276
6865,5713
7480,2661
5912,9980
5866,7424
4974,9782
2907,3609
1705,5850
3055,2252
4077,371
8311,8718
3729,2455
3838,2875
6923,5753
2361,45
1850,3756
3450,7167
3353,2675
2722,3229
6913,3492
5613,8309
1729,2628
3136,4116
4177,3715
3611,706
7426,5630
4278,5425
4642,2441
7062,3543
3268,4524
857,42
6873,5252
8457,509
9328,1490
2395,7886
2024,3512
3135,3628
9611,1007
2129,9345
2700,5642
4330,2854
934,8838
4842,9339
4707,3161
3633,9195
5550,5505
3346,8507
6692,2903
1682,773
7422,153
6376,5498
7190,4545
1660,1154
4844,8720
1796,7888
9640,4715
1457,1466
7744,4160
750,5178
9260,3219
4068,4162
536,8311
2675,5979
8145,6711
721,5183
3227,7704
8487,2402
8934,4036
1569,3363
627,8844
5124,3422
5691,5816
6101,2980
4856,9231
3253,8660
5913,5336
5222,8339
1041,974
7759,7660
3196,2601
4554,3125
3833,1037
7660,6132
2934,5503
3472,7908
6934,8728
6251,7020
9717,8178
1701,9517
2304,2856
9510,9419
2819,1599
2791,884
8770,7947
8492,1097
3750,6250
4580,4777
1387,8425
9878,3137
8018,5101
3309,2637
4239,986
5472,1413
6524,2899
8475,3688
7726,3735
6354,8019
3276,9837
5679,5170
9980,128
2147,8409
7698,3342
2712,5546
6313,3963
5980,3012
7469,2167
8097,5090
2028,9564
2632,5144
2538,2195
9456,1819
1420,9585
6072,6208
6480,981
9263,4385
2166,2236
15,5803
618,3222
9149,909
9160,1509
8033,2171
5391,2970
6455,1703
9954,8581
8452,3464
6537,1666
50,4743
1393,4851
2715,1574
6989,4513
3746,6764
1252,1262
236,9347
72,1182
6437,2836
3421,9337
8513,6531
7233,3229
4474,8221
2321,9925
9220,3785
6124,8596
3311,2408
8624,2727
4852,8350
7941,8213
3954,8562
5023,3148
6671,5285
373,1610
3566,9401
2433,8938
4257,7274
4119,8656
5808,6663
8286,6858
6175,6540
105,449
574,6313
710,4850
4502,1044
5596,9056
2671,8205
6417,1192
2652,7371
5946,5625
422,8804
1417,2041
5830,7655
1333,6877
9323,5183
2026,2238
6776,6690
7719,7409
1803,9332
68,2365
9621,6890
4095,6539
5028,4577
3579,6147
2322,5842
1025,2067
7102,3596
541,840
106,131
3661,9633
6738,1315
3285,7684
6772,934
2600,4126
4234,20
4045,2255
6300,9647
2275,196
9550,6223
9289,1574
3517,8379
4360,4938
4158,7977
5797,5900
7917,5936
4625,6321
2913,6432
2698,4080
3148,3633
9729,6762
3143,6571
5974,9807
4379,867
4740,2377
8935,2165
8062,7116
2259,8473
4144,56
3378,7960
9681,6644
9861,3467
6562,8946
1803,5303
9314,415
2150,9397
9829,6542
5248,9405
5470,8958
1038,6972
9508,977
9626,7538
710,4005
8773,308
5405,4113
2638,4306
455,9942
9902,9792
1445,295
1355,6241
4873,9651
6183,4996
6988,3990
9959,7720
192,8241
6820,9366
6874,2141
6847,7849
2445,1508
2467,884
9285,3930
7107,8543
4593,4519
6421,8546
2257,4404
5746,84
9951,1207
4181,295
7004,3889
6678,3631
8769,4465
7625,4302
9559,8905
9994,345
9606,1090
2891,9210
3874,5433
1031,5445
2242,27
2131,3741
1650,7728
4917,8417
2121,3813
9909,8074
36,7024
4843,8379
7610,329
4237,2549
9272,7651
4100,4303
2142,6890
8144,7903
6679,2885
2838,2184
3949,167
3320,7344
5356,5200
6762,77
7694,2745
3149,6322
7718,6423
9827,3867
8615,4032
698,2203
2959,5428
6794,5860
5982,3201
105,8785
2109,2886
1636,1104
595,1211
414,491
1174,3601
3232,4154
1261,9190
9207,8422
7528,3903
2370,9315
3001,2536
9764,5917
9029,665
8113,5379
6135,362
838,7186
3116,6589
3560,401
2200,2585
428,6449
2657,6877
7563,3592
2718,1338
2142,977
2662,3114
4765,5443
679,7682
9045,3762
3954,7128
6855,3181
6964,3143
5756,8596
8331,1207
7549,8237
7692,6720
2818,3487
6540,8350
1399,5273
6581,9931
1896,1785
5005,8915
3520,6046
2447,9660
5372,7180
720,6109
2693,1240
207,2972
5923,2213
7006,2604
9781,4239
5574,1998
9095,8455
6106,3245
962,3993
5949,9727
7489,1978
3957,851
9132,6624
7573,5522
226,2529
2354,810
2115,3847
7904,6785
2727,7445
485,5286
3010,2044
7141,8771
9671,7915
7045,8382
4890,7748
6945,9703
3776,7952
4101,2610
2238,9223
8236,6875
6856,9217
9756,2848
9626,9382
3070,911
6949,4957
2096,7331
2485,2423
6378,8176
7710,679
1488,1240
749,4989
3037,8616
5406,526
423,8120
867,2965
8816,8036
9510,726
5964,7525
3278,4789
3874,3234
3375,6587
1971,5431
6008,4644
6542,3660
8509,1975
7284,3527
489,597
4717,4755
8804,7478
5100,9593
4742,5637
5256,2614
921,8410
6511,6087
9327,984
4286,4081
4527,7284
7646,8165
416,1467
41,1950
5106,7805
3259,7692
3353,5697
7382,1365
4632,5253
585,227
3655,4434
1549,3106
6173,7161
197,6308
9062,1551
9601,349
3689,7899
3245,2661
3193,9363
8347,1998
1317,4695
9166,4675
7124,2826
3223,9773
517,6457
9446,4133
7080,883
9499,1105
5259,1328
6773,7698
1956,7309
2329,9984
3165,4201
9375,1349
7852,1576
6184,2103
3956,8446
76,3753
9755,7742
4987,3614
6901,4867
4596,7276
5969,3234
1696,6989
4458,8298
1450,9099
7664,2962
3582,8698
2035,4220
1932,7097
8052,4779
1288,7723
2654,502
7649,8137
5788,2391
7611,197
4336,6280
5582,5875
6554,9108
3608,4039
3700,9791
5860,1908
4092,4894
4497,4495
2418,4967
2509,2596
4216,7086
7920,9694
6844,7196
5971,1046
7288,374
6888,9602
1859,8978
2063,1060
1550,4706
7372,50
8287,5654
324,9870
8928,9319
240,4396
2656,6162
1083,3838
2496,6137
2080,5527
2048,4736
8169,442
574,9815
8315,6910
4826,4660
6259,8016
1831,3756
4835,6467
7400,4121
3715,9326
9088,8423
7202,3233
7908,7588
9933,1304
278,8692
4263,3548
8483,6145
186,5678
34,723
6269,5094
8030,5773
9579,400
2715,8319
5295,3708
9858,5532
27,3509
5990,9789
6683,6738
4683,3073
5207,1993
6242,1146
7611,9714
7804,7970
4518,9476
9142,2024
7229,5600
1156,5735
3886,5717
8486,8500
377,3199
8889,8389
421,966
305,1387
2181,8805
8904,7546
4932,963
5395,4556
3419,3839
8448,9839
5333,4146
3426,6145
657,9255
1905,9166
1243,2801
280,5194
8839,3048
5320,6477
6070,8930
7509,6319
742,1550
497,52
1710,9963
3458,3665
9546,4578
6470,5950
7695,6072
5339,3045
3884,2597
4706,5084
4469,7551
4474,5776
9724,4717
29,1589
9069,7092
1079,8947
7236,3641
8522,4287
205,7205
4603,3720
1582,3471
1119,2987
5365,4693
3304,242
6008,3168
6233,4517
5364,1885
7841,431
2633,3839
145,7040
6361,6679
8825,6853
5236,6458
6125,8144
1714,6197
8117,1137
1630,3118
7319,8960
5903,8679
9164,9306
3015,9905
8689,4840
8509,2281
6219,1927
1501,5690
8292,3113
9108,8046
9333,4850
2341,7286
5275,2034
4393,9648
7793,1643
7944,5562
6133,9886
4057,3367
4879,380
1589,998
5004,2830
3404,8537
4920,641
1638,9293
4084,9707
7858,20
3351,5756
7553,9772
2279,3612
5464,8714
4092,9950
1356,4152
2895,8673
7270,4851
4741,9207
7864,1039
5872,1996
645,587
3493,6195
5775,67
8217,5407
7557,5397
3090,1467
5144,3215
487,2612
8000,7818
7453,4175
7746,6580
4851,5888
6337,2741
9577,3502
2844,6449
9800,3587
1080,9401
8458,8606
6419,4268
2319,4071
3474,1798
4847,1754
9032,2640
255,727
2041,7353
3720,8458
2364,4733
2083,1002
7249,854
2165,7045
6615,6675
9103,8783
1887,5822
2701,2847
8618,1871
8897,2268
7366,7878
4127,7650
3510,3248
8144,8490
121,6586
2303,3864
1792,5060
5368,2652
4684,8184
4470,7398
3938,7883
653,3670
9002,9980
2357,8851
8395,4003
3169,754
477,9432
7868,4536
8812,2547
8986,644
4859,5839
8998,7519
6171,6115
2669,5186
9205,9918
4810,8129
4646,4517
7533,3061
4555,3920
638,489
4137,4886
4873,8412
9271,2775
6436,8798
3468,8994
2456,1654
2464,7726
9547,7084
2749,4377
2594,9211
5929,6231
3726,9026
7233,7657
2173,8615
2287,2636
3090,3618
9967,4633
8579,7605
1628,9344
3555,792
1372,7619
7432,8447
1975,793
8236,6324
1083,2444
1931,6361
8941,6384
6387,6615
8011,5967
3527,5210
7620,9924
8682,2433
6223,2155
2922,6463
9270,9772
2511,3784
9881,5826
7614,4561
9966,2807
6649,9244
230,4341
1371,1354
1585,9248
6345,1592
8333,9409
5476,9415
6649,1257
752,3449
9544,5538
6143,6518
448,7488
2783,9657
8078,4804
2330,5131
2077,1913
1266,7822
2803,3762
5032,8338
8525,5272
9855,9175
2846,2545
7456,7566
5686,3796
8457,5125
1650,1160
9075,1616
4430,6792
1732,170
1993,6827
7911,2217
249,9673
1759,579
3799,8721
6831,2708
3733,8169
3947,4109
2315,8083
9801,5894
4784,943
1030,4814
1026,8469
4871,2899
619,6870
685,5438
8432,7381
9662,912
3315,579
2298,8649
4272,5369
3796,1681
1842,9719
2156,8704
3105,6889
9230,3625
4375,7913
8026,6511
8720,5924
3568,9451
9614,9812
485,9086
5273,1768
8940,9730
6489,4565
3037,9576
2394,1441
5260,2547
2379,8815
7407,1716
6638,6122
6697,1656
9444,347
1608,6833
362,6987
1821,9733
3717,7544
3184,8829
4786,5498
7600,3782
5254,1281
2281,6057
5020,1932
7508,6648
8135,7524
4063,1798
4123,3794
1231,9208
8305,5965
393,6623
8508,450
127,8587
5076,6295
6967,8108
7066,7320
8696,3934
6140,3937
3814,5801
5490,8397
5359,1059
2809,619
5276,7523
4034,9930
2822,4620
2595,3643
4624,5368
9433,6484
654,2696
4810,9966
2281,7505
9365,1470
4984,245
4081,4122
9165,4932
1214,9217
4175,1910
2587,8298
8393,9543
8399,4489
1771,2532
1917,9844
963,1625
6853,4501
4716,7411
689,9913
3721,1624
8773,9312
3225,6611
2681,6349
1210,6608
4739,5259
1544,9992
9690,1673
2983,2860
7562,9562
2995,3401
9891,1683
2714,6741
4491,6657
8208,1794
865,903
8106,716
1202,5727
3342,1530
2482,2814
5261,9280
9323,3752
7200,6336
6747,4082
8738,5966
4860,7666
385,5688
468,9330
2589,9645
3953,1431
1425,1014
7913,7560
5816,4000
9666,6721
3558,3117
1251,4661
8567,5564
9137,1612
6291,180
6633,3714
8713,2790
2802,2407
4715,4693
7482,3208
1246,1984
3071,9082
1281,1344
434,1840
4851,3495
7709,4220
6943,9479
4448,2648
1384,8512
6926,2505
3537,1352
1635,5205
2858,8377
2377,7888
755,7057
6395,6928
1216,5844
1510,5055
2481,8869
1993,3597
4688,7390
1943,8863
7824,1016
4326,1452
7195,4400
9546,7810
9227,6376
9784,6555
6137,9103
3266,5592
3462,2996
1636,5845
4064,9921
7818,9635
4585,5122
3132,8438
5987,6808
776,2597
4475,8223
6802,4779
1274,6378
9848,2968
8810,5119
651,5482
8954,2958
3983,8047
1154,4433
3208,8197
1730,2672
5376,1344
1997,9866
583,7088
8,6880
2541,8530
8829,5260
7294,9666
808,9494
9719,2040
5806,1028
2288,4984
2665,6984
6507,3027
1949,4365
1731,9986
4679,7965
8170,1784
2464,9932
7378,3425
895,6433
9942,4017
7435,614
3997,1549
1944,1526
3234,1162
6096,5302
4822,6276
5233,9097
2719,8194
7039,4507
9809,6947
1001,6425
8090,6705
868,3866
7273,2371
6949,9538
6163,6613
3191,2212
4140,1364
7771,2880
6739,2594
1743,6067
9384,6687
6130,4539
1164,7312
7476,5043
9410,25
2405,5356
3496,4455
8602,3254
5329,5755
751,4258
3859,1092
6611,9046
4567,2442
7913,4465
3455,9841
282,2485
1596,6962
2068,5466
7093,8872
3558,3784
4251,3499
8064,6809
388,6655
7079,980
3723,5740
3234,954
6248,5793
4868,8856
2410,4556
5436,8929
9972,1140
9810,2334
1826,6564
5235,7092
9408,5761
1103,5877
2391,202
8193,3811
4702,7337
3058,3371
7589,1993
9268,2463
808,9143
1728,3844
9125,5194
6532,9143
8228,6738
5564,6618
7484,3044
2876,7202
9659,5347
463,6897
1307,8147
170,4548
1625,7202
3539,7785
2904,8012
1141,2978
8130,3231
5177,5192
6176,2099
3961,4464
5372,8148
9563,2755
7854,8332
6469,5077
2220,5983
9986,1578
7469,2303
4611,3049
1084,5056
2511,2524
1286,376
950,511
4856,9380
6788,3609
21,282
3442,6493
3444,280
4506,7448
4447,9628
9879,1925
720,9391
2205,5344
7824,5568
1208,4400
4388,7243
1909,9443
1993,3990
751,4382
1341,616
5440,4474
5980,1335
9814,2515
5039,9840
101,8841
6098,6944
3981,3710
9317,7124
5633,4141
6432,5766
2043,9194
5469,3014
611,7847
2437,9884
4304,5341
6827,2872
1138,9176
798,4292
5026,4958
7046,4315
9250,8271
2913,4239
1960,3275
5504,7440
775,978
2275,6894
5829,8134
4807,9738
4409,25
5658,9716
6211,5033
1693,9887
797,5242
9014,1276
4844,3840
8968,9640
9672,8239
3464,4655
7150,4840
7099,1256
992,5075
2075,652
2515,7105
3170,6304
4177,8655
3818,2188
9099,7396
7240,2897
261,5181
7310,3719
2626,2365
94,1585
9485,5391
2726,2781
9864,3794
1107,8553
6419,6533
7863,6195
2179,5004
5854,9798
2621,5098
5419,9274
2212,5913
8567,9620
1978,8964
1517,5091
163,3136
9465,6166
6736,3850
825,327
1890,950
6779,9849
1146,5685
9607,2271
5719,938
486,2630
6439,2376
4371,2461
3629,4242
3610,1677
5166,9961
2982,7608
5934,6330
3203,5034
6667,7148
2498,2118
6304,2810
3299,6584
4594,2475
8820,6796
7807,6773
766,373
786,3608
3772,5317
228,200
3685,3244
8864,1847
1395,2605
9399,8277
4078,7011
9883,7471
6361,6157
6816,7261
3712,1730
6428,2638
2201,4824
1311,5569
2430,2597
156,6004
5190,6187
1254,542
1023,6794
2872,5257
8205,5839
7326,5801
319,8353
2605,3374
8923,4074
9243,7333
2876,7406
4275,1088
147,4963
9571,7512
5338,3368
9009,2318
3624,8681
1423,8593
9988,777
4303,154
5960,9652
5573,1171
2057,3545
1676,4990
4562,4504
7341,318
5419,8437
2992,1601
8092,9771
6332,1277
5269,7424
502,6760
8396,976
9742,4723
2116,2127
9241,213
5603,3826
8062,7314
8794,4511
7160,2684
1290,1348
4206,5368
3481,8944
2947,6601
1268,9991
4969,2194
7047,6072
4045,1552
287,7544
2191,9746
6773,13
597,4088
4026,9970
3863,2104
54,6518
5952,7737
2217,7362
7869,7249
8421,3248
697,4880
9492,1610
1673,9321
287,4577
6856,1429
7011,8586
28,3289
7822,2647
252,6857
7153,5887
3190,3129
9248,6809
768,430
4407,7720
2700,1762
6961,6831
2395,1643
4666,7149
2774,3417
3002,8488
55,3638
1593,4503
8258,1059
1383,6095
6932,4771
4409,6515
1949,794
6219,821
3477,9002
7243,9298
840,5865
4543,1540
7899,1913
1528,8310
8702,7583
6717,8956
1804,770
9748,9226
2451,2372
7405,7190
4716,618
7045,5938
6377,5085
6193,2617
8145,4243
6543,6173
8496,1331
7534,5136
5921,6000
4594,3634
3260,6153
2057,5374
5334,6305
571,9634
1818,165
3038,5113
1951,6850
6704,9494
748,3311
4672,1618
2533,5630
1796,5734
4274,1240
9879,1105
2871,4490
252,3134
7856,3441
8609,6215
335,4225
9445,2848
1078,9850
9023,8889
1596,2691
5055,9182
9384,8650
8715,4110
4974,1964
1599,6417
8616,7032
5678,9370
4584,4243
9337,8138
2251,4007
6922,1822
2128,7681
4224,4437
9909,2922
782,4136
3123,1797
3271,1795
6805,677
7677,6557
7469,2319
9009,8700
9945,2349
1480,3844
9654,5384
8715,3464
5665,3091
5837,8506
6328,2564
4419,9252
729,9169
6325,1455
7414,2085
9582,7737
6958,3990
4862,381
252,4039
1763,8849
2147,7779
823,2666
5862,9843
3940,3331
3900,7474
7306,6419
5900,3375
6909,5028
1732,4763
9838,6327
2732,7012
6276,8159
5852,2183
6987,3677
9193,5609
9188,8267
8122,577
3179,609
6951,5684
7775,3524
3505,4085
4585,5734
7750,1413
9358,3097
4020,9473
956,7749
2823,6164
4216,9674
4587,4970
8596,7176
8226,5421
4206,320
1208,4992
1009,9712
9861,4859
3833,7372
1134,7829
1752,8579
1140,904
6879,2046
9000,2034
9688,7958
5173,6616
2917,6530
3766,390
8053,9418
5656,2317
3859,1906
357,4673
3581,3470
7561,3739
3464,7320
4668,8275
9942,8299
2562,3689
9250,1634
2956,1853
574,8507
9023,1385
4057,4233
7650,5727
9320,2666
3006,890
2553,3489
7276,1873
470,6965
258,2460
8192,1892
5592,2405
8282,1564
9590,1318
7333,8261
9987,5955
9155,7026
5297,352
1912,2327
4,5593
333,9047
7937,6842
9007,1735
4253,8214
3264,3448
1411,6571
2468,6792
5383,806
9678,7623
6136,9131
288,5894
4591,5000
5764,1989
723,9487
6279,2551
8321,403
7079,7110
5121,8139
5338,6796
3853,5763
7814,4994
5246,2949
4745,3999
8303,8553
2799,7510
7577,1389
1385,7376
8165,9472
192,9764
2085,7065
8566,4573
5323,1136
842,4755
1561,3177
3266,4354
5544,716
4812,2342
6735,7645
6399,4760
8508,6459
5548,6568
6127,8265
6897,9515
8694,1600
8094,6651
5553,9558
1770,3889
8874,9737
891,7421
1344,1460
8417,6805
9646,4318
6977,3967
4305,4381
9549,7412
7355,9477
1199,7276
8177,5623
1659,1183
141,1712
5568,1171
441,3152
3332,2286
4272,4877
479,9786
4021,6910
7496,5978
7333,3902
172,3527
6756,6439
2368,1795
7183,3325
7603,7240
1025,5540
5390,7366
9512,9738
8272,2280
9662,9167
9386,1759
7011,4548
2110,6588
1105,5222
3002,8227
9713,1705
4518,2613
2017,8342
8487,5877
6569,1340
9095,2148
7357,5060
6170,7649
5832,1678
2986,6783
1079,6823
9113,8113
2355,7311
1102,290
5926,1422
6746,3962
2058,2925
1480,915
9517,8000
5308,9755
5137,6206
4583,1991
940,8045
5118,7851
9720,3444
1020,9916
3381,5209
2396,5091
1741,5812
2556,8926
6510,6740
9224,5617
8686,3010
5060,798
1346,5770
3940,9714
6610,2443
105,3067
2076,6354
3360,1677
8188,9725
9658,3807
5975,6573
6181,1589
1699,7201
3748,9908
7801,8073
6264,8492
5447,1275
7454,3856
5064,8455
9031,8369
6523,3903
5686,4414
274,5511
1383,3959
8756,7163
1676,3344
486,445
6727,1778
9231,7919
5704,1114
7927,6062
4268,5480
7009,6869
9121,2686
4967,2898
2187,1939
8136,7253
381,3005
9650,2407
5444,908
6982,8465
3638,7177
9725,3757
2792,950
4387,7447
4611,8104
265,9911
3069,1077
7667,1781
1034,6816
6612,9424
4564,5884
2728,4234
514,1372
8341,3234
5642,6280
4686,4431
199,3741
2958,7902
7095,3288
3512,9224
7100,2398
9728,8754
5516,221
9501,2937
4900,2863
6496,8130
9703,9375
2529,8936
9698,3665
3082,1655
3384,9671
3218,3378
3617,783
9151,9836
3601,6852
4506,9847
1935,7701
1849,8603
1735,3994
6035,2947
4295,2089
8756,9721
6085,5261
4962,3844
3151,7836
5906,7970
3287,1788
4900,7363
8927,9972
2998,2661
4641,540
8644,922
7848,8237
4816,3305
8686,8886
3655,7258
8771,5459
3865,5396
9282,5328
4100,8842
9609,8191
8810,9802
9453,481
2975,7180
7229,6203
6333,7111
4223,2434
4102,1124
3560,8894
8644,887
5669,1583
4820,5741
7458,4181
1940,6778
9999,439
2344,9775
948,1413
1332,5246
3164,5598
577,3275
9505,4230
9258,6742
4098,4161
8818,8903
9822,8121
7601,2612
1002,2239
8971,8109
2373,9018
8224,1528
547,2501
7975,6594
6105,1938
1817,2207
3533,7459
5001,5990
7132,9035
7424,4023
947,8204
6821,5760
6673,9516
9424,7424
9798,8298
8621,481
5446,4245
7895,5808
6961,8795
4445,8842
4973,8655
9231,1654
8613,1599
5289,4925
4265,6477
1772,5832
2045,8078
9556,1220
221,7046
6767,4830
9188,632
4444,1614
5226,7927
7031,2441
6858,8221
9602,221
5586,3847
9772,1528
6939,1251
6895,7506
4496,8711
2461,8029
6069,8845
8084,9589
6689,9229
8997,7592
1665,9758
6050,1577
985,6370
6476,3293
8673,6353
6337,3274
8313,477
2839,1728
4934,6067
9492,2063
9937,9036
9267,1535
1705,2144
4152,9697
141,4267
1405,6552
3058,10000
4830,8539
7088,2996
1385,2232
988,8155
6229,9376
6608,4686
5203,870
3842,7851
8872,2137
2632,2897
2318,8915
646,5646
9326,1170
3110,339
15,3729
7485,514
4936,3470
9918,3985
6933,7837
4901,8316
5523,7926
6617,2189
3548,6235
2283,9737
2704,6978
2475,6881
3801,5227
335,2833
8703,2658
557,1064
9396,1561
3796,2184
6020,282
4302,4389
47,3412
1370,3549
324,4402
444,9019
7440,8142
4801,1144
1109,6317
8468,2549
8933,5328
274,4108
1409,7489
5296,7652
3974,6893
8236,3546
769,1595
7794,7220
5832,4510
2482,9743
5166,1926
4343,7395
8112,1237
6395,6872
7461,5652
2246,4766
6755,2825
8821,5247
9941,3205
3310,715
106,6765
1506,227
1808,242
9218,7375
3451,7511
4677,9056
7567,9622
8834,577
878,2795
9356,6925
831,2280
7573,9997
8190,9189
193,2948
3606,4698
4562,9711
6763,9035
8596,5234
2143,4324
6648,6607
2652,922
2565,7515
7258,7348
4700,8285
3568,7159
8763,6794
478,550
2025,593
9867,4625
115,7649
8975,8837
4976,5463
7268,7634
550,8415
5557,2822
2658,1390
8387,4171
6693,883
7535,9756
5302,8232
9679,7847
9108,4215
2022,1014
7082,3033
4179,5261
1228,8403
7315,5703
9815,7176
2591,7644
3982,6085
6376,9872
1507,5674
8194,6058
8946,5934
7054,9701
3344,8069
8843,9563
3534,5359
4737,5417
8519,3067
2905,2418
6284,5901
770,6109
8156,6964
48,9268
1001,8921
5901,866
7246,6052
6093,6300
5958,8611
1221,9686
6047,867
4345,5032
517,8754
623,9402
3620,3341
9682,4878
1690,577
8366,2117
3236,9933
6135,8295
445,3114
7140,1521
5812,5987
5315,5888
5430,7712
9737,5650
8016,113
108,1773
433,3864
942,6129
8477,2500
1429,8155
3067,9655
3334,5131
7924,4551
1640,5914
5256,6600
7233,466
9205,5085
5397,321
8822,7968
8664,6642
5018,3624
970,4495
8025,4015
617,2737
732,2261
5235,4422
2067,4633
3991,9559
8905,5624
6618,7960
8389,1949
3852,4935
2000,2160
7051,308
1027,2354
2761,974
8947,5106
172,8833
8383,5597
105,6065
6042,1382
3092,3356
8221,5170
4243,4232
223,2374
5831,3365
2372,1223
3243,9139
9391,9692
1232,6427
919,161
6802,2001
8727,4792
2081,5090
368,1877
4184,304
4727,750
5234,7880
3510,7274
7798,510
9175,1824
2606,2220
4209,1304
5592,3989
4542,8248
225,9903
551,333
5751,216
1413,3313
3448,2132
6755,2661
8575,1871
7756,2125
2882,81
3227,2435
1227,8189
8579,1631
6872,8403
718,5474
7579,1060
6520,5798
3970,8340
5020,8872
3565,7031
4129,2515
3711,8237
9667,915
9621,5226
4814,8825
2409,7943
4193,2536
8385,6970
2162,9863
8440,6791
4270,4161
4715,141
6347,1880
1866,9809
4188,3033
3136,9582
867,5760
8273,5930
8201,2314
4139,4798
5756,6279
2038,1419
8551,6579
6637,7717
9387,3392
148,6092
7744,9900
1233,2378
4573,1936
1317,7931
5448,4204
1579,8654
6479,5876
5072,3543
7406,9432
9121,7990
5613,6757
2759,50
6021,3758
3007,5809
7798,8415
3103,7506
2895,1124
8735,4864
8503,5499
3916,5079
8491,6128
1187,8489
5633,3739
211,1815
3852,3665
5122,4321
2715,3206
999,53
3742,9647
8145,1109
4756,2309
7265,2367
1663,4525
7844,7534
4176,9051
5438,1637
8994,4869
7453,6419
74,3301
6664,4221
970,5879
2558,4874
8760,2291
3196,1497
6504,2942
6480,5519
927,5009
5553,6507
7938,8054
343,1062
8024,1941
1031,4606
3971,8242
8851,9769
5388,6791
5826,9277
4903,3233
5198,6037
2447,5878
9261,8415
7144,6768
2681,9272
5692,9040
3878,4269
4006,1745
414,6364
3003,9917
7707,1778
4507,7557
7720,6091
9340,1361
1800,1027
8462,7869
5679,5467
5198,6066
9827,1296
4044,1925
2582,9407
2113,1174
3872,8495
4022,7939
6505,1220
4585,147
5777,9355
4459,9643
7658,3273
4953,7060
1403,1420
3578,8002
234,6586
9249,1235
1322,3973
2079,8044
1984,9303
7935,4974
7682,2036
7528,5768
9382,9759
3817,6240
3193,1449
6621,166
8327,2666
8644,3596
8505,8821
1743,432
7974,6600
2650,3211
2820,3886
2160,6840
8503,8982
4696,3364
8480,7845
9000,4279
9132,3913
222,8894
7845,9826
6692,8999
4197,806
212,2700
5211,2713
7578,8637
1902,47
3937,1793
7707,4545
776,6531
979,9735
3009,1421
4169,4600
6362,9591
3361,9400
8884,7260
4669,7226
9208,5546
2180,9276
6890,8545
43,8801
5115,2866
2749,1032
9631,6844
9950,7128
8540,4063
8608,4377
1175,7162
3941,6417
6428,4236
5105,856
5185,7464
7343,1994
7062,2840
3402,4581
2382,4646
1945,4904
3067,2877
9041,8378
9550,765
7198,3379
671,5165
9281,2644
2672,792
9332,6586
1907,9940
2422,5373
8850,2293
2736,5629
4102,4946
3657,1849
9141,7159
8561,2146
2097,2960
48,1959
4424,7063
8122,9293
5869,7321
5717,3226
7933,5795
7249,8039
1873,9508
3293,9959
9335,6493
3942,5189
6923,7436
2881,5263
2272,9062
8258,6551
9012,7987
2423,7141
7676,4035
7511,3242
4229,4947
7462,7680
5914,4819
1776,5825
9538,1931
9584,4650
1481,360
2914,6368
4718,1024
8852,5346
8195,4552
7040,146
60,8083
3870,636
327,9499
7139,4663
5633,5457
5146,6609
9621,4428
6285,6591
3975,5797
1910,2866
6067,8052
9744,3349
4487,5627
7430,5838
3508,7131
8822,1173
9761,9839
2179,8955
3942,485
1090,7458
3470,5438
1483,5105
6783,384
5670,2750
2295,899
4260,8273
3430,9386
9550,3680
3001,5684
2892,4462
7835,6573
5107,2549
386,2508
2270,3621
7864,1800
3941,2496
1965,6380
5655,4851
3133,9229
3036,8270
786,893
9019,8071
6038,8361
1097,8885
1555,2116
3202,1864
249,5996
5155,5913
4244,4967
2859,651
5716,7168
3594,3771
3608,6744
804,6838
5810,5376
2807,8419
9799,5263
5157,3158
9109,9637
1522,5395
5303,4686
6177,491
4860,2612
6690,3039
1285,8578
3341,1851
3957,5969
7282,3630
4174,9908
7667,9611
2546,7166
2719,4398
7212,5682
9283,7381
9160,9246
1432,437
9551,3911
6078,5757
3666,4386
1346,3898
8858,4595
5162,7009
1669,4334
8546,5505
4567,7174
9606,9284
5930,887
6499,964
9563,7965
9350,549
9477,8879
3525,3581
7016,5765
4310,55
4540,3121
1224,9680
1803,1378
1144,3956
5991,4142
9431,8658
8088,8691
1155,45
6145,2981
3567,1809
1572,9279
5432,3791
1610,5993
4064,5933
641,6995
3801,5569
650,6850
8834,1402
8791,9193
9332,129
8992,8064
266,8980
2181,4248
6200,5986
3907,1119
3254,9331
1075,5571
3086,54
7800,8549
5071,6114
5788,3231
3965,6195
1730,7786
2678,8625
1,821
8297,6522
7018,7437
3169,7114
2015,7779
8535,60
8144,9921
2366,3146
9431,9431
295,295
6966,779
7404,3965
1943,616
2027,728
6947,6288
4739,9356
2625,4750
4320,1722
8011,9497
8141,8326
7402,6392
831,3271
6308,1796
5828,6320
2599,1024
8338,2497
2339,2658
5767,9295
3271,7451
7317,4796
8491,7888
7019,362
901,850
6892,105
6251,3832
6614,9675
7200,6834
7822,9001
6260,9848
2473,956
1721,9815
3533,2621
7837,7553
2115,7853
6619,6508
3010,165
2733,5409
503,9797
8779,8904
1509,522
9691,2717
5015,7645
2317,8928
6418,375
6606,5706
1584,5918
4498,6200
2334,9857
9526,8754
7929,4260
7546,2152
4024,931
7077,9365
1495,4057
7599,8049
6359,9846
8825,4239
6693,9076
5802,7017
7942,5739
4344,2573
8510,8354
9786,9641
5095,5473
8649,1474
2102,2896
9802,369
3174,4736
424,1911
1578,4038
6094,4503
54,3404
8470,999
8272,4961
77,6658
3001,567
2809,9279
5953,9796
6235,4676
2513,2743
5714,4874
2649,2980
9587,7648
9065,2760
3119,1294
3794,1211
3363,4543
8618,7559
8615,2904
7139,7286
9828,8342
5174,7046
9674,573
3113,3405
8023,7027
555,4029
6019,955
658,9478
608,8204
3907,3049
1397,9649
4866,8645
1101,1255
2777,2112
4169,3429
4119,7902
4197,7040
5458,2652
5088,3964
8009,2271
1754,1466
6971,5644
8600,942
4940,456
173,1552
2625,1052
1768,860
3444,1028
8602,4376
2727,4423
5006,1454
3798,1149
3617,6909
7670,7232
6940,7147
9050,6336
3267,9433
1049,73
3571,7802
7591,8628
3232,1571
971,5710
8840,8950
6893,9002
9705,4177
8804,6717
4514,7331
2989,7774
688,321
1684,6810
4297,3444
7645,5465
3483,1091
2687,1841
1409,3497
469,8981
2997,8693
8501,7206
5847,5430
3143,8400
502,6870
7952,7869
7395,2896
1947,1486
9892,6078
2052,4755
7982,4136
23,1381
3814,7233
4929,581
8244,8218
6872,1463
5473,7326
8497,8066
5219,632
7988,9857
3857,1903
1014,4008
9434,1990
2783,4348
5675,367
5658,3930
1213,8955
6464,2542
5549,1999
737,8951
6923,991
8917,8025
6890,7729
6867,3441
8870,5673
1930,4714
8592,341
1311,4698
9194,5617
4692,5977
2902,3751
9392,5411
4738,2482
7996,4417
6548,8491
7817,4897
9221,3753
3801,8029
3215,6475
1344,7645
9747,4156
5817,5948
1664,3371
1983,3940
9853,3446
9314,1752
7307,3263
2015,369
2171,4969
6541,5006
8158,4415
2341,9856
2884,7201
980,2756
7134,2860
2874,6161
5820,7956
5474,1404
1017,1718
1974,7197
5564,2997
2782,2412
7235,6005
6913,7631
6429,4005
3585,2417
5402,8011
2912,5513
4522,3084
7676,561
2239,7124
7807,6604
9135,8867
1980,4744
5560,3150
2276,7657
525,8240
8248,5454
9803,156
3744,8929
6019,4957
9397,7193
4464,3217
1340,5268
6435,2914
541,5380
1373,5352
1575,4086
3331,460
3241,2591
1535,4765
2095,4512
9160,257
3101,5410
6838,5625
9122,5439
6750,2486
8376,4447
9325,1670
4149,2189
603,5031
5014,6711
9550,9199
2391,7705
2355,989
399,2636
606,7533
9514,6428
9943,2847
1189,1554
9974,3362
6765,7918
2369,4409
2113,2199
4632,4781
7465,2956
1603,3905
7620,354
4871,5276
6955,7180
6671,4350
5956,6105
8316,3494
9038,5262
2894,6208
2800,5376
9276,9211
8289,4276
1207,4646
8993,2284
8331,9795
1092,9070
5964,7848
3223,6139
1149,8262
3351,4712
6205,9964
3599,598
2058,7796
8668,5716
1332,1497
8248,7323
2497,5536
1337,7176
3039,2476
7411,5726
3064,700
2686,6205
6238,5364
9630,4615
1499,1489
7291,9989
1846,615
9333,7578
9085,2826
8821,7165
9309,4943
6254,4063
6203,900
6578,5142
751,6840
8970,1696
9517,5221
3676,3070
3899,4887
9803,7063
451,1717
1112,3880
5739,8853
7444,2350
6682,7163
4360,6294
6979,1730
1677,5705
8644,2771
5702,9368
7914,7382
9179,7297
5527,8647
3428,4287
9358,2778
4723,7675
6859,6104
2081,6142
6004,8840
9612,1164
2071,1504
941,2700
9604,3288
9059,1027
8809,3119
6626,4138
9768,355
4562,5275
1634,2708
6681,2951
3174,1807
4623,4282
1698,6533
1615,4669
7111,5468
1362,7319
6869,4137
3265,1649
111,8852
648,8323
5830,4981
4361,2367
4957,715
6889,5908
1944,6308
7295,7199
6994,579
9042,3747
3752,1739
8752,9868
5117,5298
5405,220
9423,5747
75,4562
6549,1632
8439,5104
6827,9227
3587,1585
3503,3068
4483,3466
1748,7400
221,507
4285,1143
210,1064
9606,6020
2130,2475
4887,3212
2680,3697
6704,4876
7744,1573
5165,7525
4762,5143
1684,3165
1833,8911
993,8325
3605,9743
2431,1404
1998,7939
4440,1046
8832,7331
4047,4901
8741,8895
7902,3148
8697,1904
2546,3986
7277,9658
7714,4469
5416,1307
4551,2691
5555,9493
2600,7047
3261,7699
1742,2011
4895,9002
6242,1161
7580,1806
7432,7335
9018,6610
7255,6883
1780,374
3271,9783
9409,4703
4329,1983
8857,5746
8600,7405
7003,8883
1009,9731
4630,4631
7723,8166
9029,3753
8458,4053
6379,8238
4116,4635
1010,5204
2154,6809
255,6797
4046,4721
6127,6422
5905,215
5476,3489
3198,1581
4668,1248
7161,34
6597,1900
8547,8709
2860,4964
6617,9527
2383,3076
3886,2788
8740,2563
4152,1019
1397,9218
7454,2828
6217,2167
3698,3713
7614,1343
6777,9688
2973,3007
8046,4109
7897,6818
6752,1300
5177,4182
8410,3813
3316,4965
9277,7182
5366,1882
8595,9571
7114,7367
2867,8219
8525,5750
6807,6327
6083,5590
7273,1867
8639,4175
55,5790
6153,4945
9705,4120
7982,2216
9831,1760
5517,1300
8000,5321
8206,289
5270,737
1992,5921
814,4264
2451,5068
2651,2019
4312,8890
8365,6168
200,9700
5356,3600
6331,3278
8846,2618
9665,5797
6404,1404
4390,28
2862,7236
3745,2405
5852,80
3346,3806
830,7373
4396,7882
8009,315
4725,5042
4296,5447
1819,7899
8604,7652
407,5065
78,7001
8788,9430
8890,4734
6573,2030
9719,3698
7774,6318
1875,5138
7756,9232
3884,967
1759,5844
8653,7242
6611,5923
6658,4725
7069,6277
6275,9813
3908,6508
2742,5244
3879,5842
8003,8205
5048,6034
7452,5986
4603,9844
9704,6106
7753,5635
7150,4384
99,9108
8778,2508
553,1274
4348,8573
9911,6583
2707,3924
4993,4025
3346,7348
4373,3871
7289,2057
2290,7652
4648,4390
255,6457
2748,9461
1201,7486
6667,5716
465,2846
9191,4739
346,4188
2310,5886
5080,1692
1555,2329
9874,6619
4737,3055
7289,4579
2350,5087
3228,5603
680,9825
3245,6616
7422,6566
5883,4689
4776,4964
7803,6064
2375,1700
3788,9611
1831,7804
4078,3760
7487,9340
5928,1636
5249,748
2773,8105
4947,4768
7630,4460
6219,5224
2538,2552
6238,9847
8461,1434
4825,3553
4548,7385
2997,1612
1549,7420
8477,792
2349,552
7988,6098
5164,2820
5192,3057
3783,2532
8666,1028
5377,2794
9040,2277
4654,1717
1585,5280
127,3521
5609,895
1608,645
5209,3170
281,3872
2189,4607
2396,9270
6138,3777
5888,3859
5031,1265
3684,1488
8363,7578
1177,9853
673,9560
8821,4557
8936,1062
42,4729
4938,8272
7450,9227
9545,803
2144,3024
4015,4946
531,6489
169,3759
8079,4221
7691,7285
4418,165
6266,5858
8517,8436
8556,5282
6741,4951
9855,7197
7371,8657
9315,6988
6452,9866
8676,6021
4732,6333
5583,4562
5950,4316
613,4955
5634,2677
1451,4686
7492,6119
71,3058
7197,1459
7895,5841
4821,9884
4231,2923
2924,8706
9078,4080
5227,6516
9137,7957
4995,5649
9130,6552
6398,2003
5195,5097
5889,8264
5773,7084
2298,2997
4215,1805
4007,1211
6152,4320
6354,4189
1586,3728
4761,8740
6113,8078
1265,6018
4990,6999
3924,4729
7835,9887
1397,9354
2101,7702
6026,2437
9678,9794
2949,8060
9147,2418
1515,2665
2269,959
8632,9198
7251,8104
6102,2576
1100,9029
5660,3848
3407,883
3237,4970
8120,2849
8013,245
4873,1462
1268,2000
7322,6694
755,6235
1106,4107
4501,7752
6586,3446
2146,3003
932,6312
7430,3010
4282,8797
1881,5578
7286,2088
9648,6148
6623,8898
8256,3377
5860,9138
8908,849
2882,1815
122,9465
5790,1307
7063,1770
3960,4848
8194,62
1349,7197
8976,2307
1013,6593
663,1902
7825,2324
423,2215
7500,1148
2105,2204
5366,3610
7395,9181
4656,3847
671,7652
6110,5676
3254,7709
2028,9920
7763,7451
4402,7310
3985,1693
4754,9369
8547,4910
7432,2805
5444,1278
69,9944
2542,7151
9167,8828
4312,3356
7952,3114
8386,2166
1933,8198
5246,3730
8761,1751
4147,2823
8956,7145
7554,5415
9957,6343
117,1576
4009,7298
2380,5286
5465,2038
4993,7240
3990,4865
7606,1181
6910,5937
5075,8920
3985,270
6654,3936
3765,2808
6149,8845
8183,7620
6391,5664
8776,9668
300,9137
5998,7415
3135,4850
6357,1047
8048,3536
6287,7546
3904,5372
739,648
2872,5091
3970,3377
8047,2236
8136,2121
4626,5989
5827,4157
7666,7417
4185,3089
479,7392
4081,3384
5892,9739
3125,4014
2608,9659
6239,1086
4712,7769
3040,9116
90,7459
3988,2473
1968,1214
6741,1978
9998,3295
8310,4959
6895,6235
4424,7624
3508,9200
1632,7952
6209,5754
9381,7862
829,7341
9638,9262
302,9078
5542,2505
3771,5729
446,9834
4935,9707
1882,6061
3594,7966
6425,6177
7737,8274
9299,6700
1361,9941
414,6006
5348,5207
520,8498
2723,5492
7694,8025
6226,1940
1056,7597
9771,4748
6153,3752
752,1435
134,2690
386,4170
4910,640
8783,6396
1446,9004
6234,6620
6426,5882
9378,665
3639,1869
4321,8024
7432,8879
351,8523
9232,7587
6237,5234
1362,6940
2750,8304
3108,7625
9579,4420
5699,9465
7357,9045
4987,4098
7463,7203
4718,4813
351,4607
550,2071
6825,4060
9902,8644
4138,3518
5867,5630
4958,4488
4795,4559
8256,2219
7187,4786
2637,9471
2620,6713
6447,5630
1367,5116
4854,4553
1441,9866
4877,6192
1609,439
4208,401
6750,4355
1998,6580
3240,2783
4506,7408
1054,2327
7294,5905
9156,6433
1422,6102
1066,1328
3531,3360
2058,7839
7943,1578
2877,5264
4301,4869
3541,2757
4300,5302
7148,9958
8787,8266
20,5083
2893,3014
6109,8069
9637,7254
5334,469
3355,5463
3419,9092
8677,3875
2267,9836
8891,482
4174,2079
1108,8418
1267,6767
3838,2493
3417,8091
4684,4465
3988,9735
8223,4000
7294,7580
4824,3083
1490,8163
6330,1427
8279,6843
4742,3786
2408,9149
6422,9999
432,3115
7611,3652
1465,9005
5000,4867
4499,9236
6750,4505
5154,1203
5827,199
3303,5812
4124,4020
2193,652
7790,9549
4038,5506
6321,2770
9846,4669
5406,2126
2048,3090
3444,609
1481,313
1483,772
6258,5630
3408,3582
3046,8610
5233,3637
2286,6903
6577,6325
5384,5596
32,7269
5673,9544
9751,8323
8031,7049
7647,9963
5854,2241
9540,6859
709,9556
4710,9531
8385,8852
6535,6519
5233,1605
1200,9886
3483,2122
6308,9233
926,9848
3215,9253
9526,772
2490,8317
4867,5409
5347,1792
720,9345
4454,7139
3128,8149
304,3594
2107,9778
1683,7851
9767,3889
6237,2086
569,9848
8287,9448
5150,4308
2735,9982
5705,2764
2739,1805
4319,6053
3104,6260
278,8811
5574,6345
5105,2087
90,6633
1900,2760
4947,771
4679,9643
468,4824
4826,860
890,7179
2848,2819
5232,9764
9395,1640
7292,3889
9794,3910
2282,4773
69,7025
8605,6476
8218,2875
9547,8552
4287,8189
7252,2061
4531,1617
5122,3079
1940,1992
4489,4927
6085,2760
7975,8750
9732,4315
1705,990
1360,6352
4510,4116
1671,7302
6589,8265
1286,5372
7537,7672
7287,7525
8783,5234
8900,4391
2516,7695
1592,5804
6242,6092
4466,3106
9855,1274
5025,1671
6279,7860
1086,7723
4506,2309
3452,2479
1090,4708
8914,8681
4488,3567
9496,1301
4492,926
5041,1189
6356,4409
510,5597
8280,986
4282,3215
7506,5011
5819,9740
2936,8829
9310,3294
4289,4809
9803,6084
9885,821
7323,5384
6231,6188
7427,1563
7253,4207
1364,4985
4499,7698
1753,3117
2338,7212
6112,7557
6263,2702
7186,2105
7224,655
5453,7892
119,186
9024,8008
5063,1781
6102,467
8377,8086
7675,2441
1230,1342
3579,9242
4463,3101
1538,4088
8829,2514
8063,8720
4348,5087
649,5576
7172,8898
3116,1260
7819,1719
2808,9449
1047,3245
7614,5567
7403,7937
7598,4375
226,7746
1184,8280
2414,2978
7567,4540
8050,999
526,4994
2042,7795
4183,1283
8926,2952
5541,2752
9333,1034
97,8287
3131,8599
2174,1323
3109,8266
9058,502
2771,8880
1726,9945
6579,9791
8360,6846
2358,8321
9043,4596
7647,533
6490,5274
8829,2767
1235,5609
297,1704
6722,8715
7994,3987
1944,5017
5379,6091
5023,389
3632,9004
5632,4353
6881,1050
8268,94
1154,3986
343,4520
7489,6732
6319,2943
2481,1330
6747,4462
1185,4128
1735,1
3750,3653
139,72
9318,9517
8027,7210
9,413
7594,3275
8547,8272
4718,4862
1299,8716
8259,519
3563,8737
6545,4335
1336,1935
6574,8853
5798,9464
1321,2757
4865,5966
6101,8805
578,5437
7398,6431
7898,4200
5145,8787
5019,3215
5441,8852
6861,9331
3728,5919
1898,2043
8227,7194
9368,5550
3947,7149
5016,6000
3608,4322
8564,1379
1366,8842
3980,3447
8559,7041
8602,7289
6337,1051
4948,3294
5935,8613
9693,3354
9383,7608
7332,8465
575,4446
3308,955
2189,5055
7698,2442
549,5708
8442,9147
54,3243
3135,7478
2725,1978
1630,9529
6702,3546
5113,2194
9908,6631
8935,520
9264,6597
8223,7353
5537,6656
5768,8260
8485,252
3712,1473
2384,2024
3796,2620
6125,5432
5352,7494
8572,5000
2196,2755
1450,2382
4412,4037
8521,5573
5145,2404
2836,2419
2603,266
7652,1942
9098,5108
5523,5025
2920,5369
8079,4896
239,9778
1837,6853
5078,167
1580,8323
5875,1086
4541,8583
2339,4565
9363,4188
1559,7993
3858,5339
7304,5141
5542,8447
3156,7496
5946,2867
5969,3805
2881,9000
3043,7888
5407,606
5918,3796
1541,8656
5543,5487
2257,5824
7804,3142
3886,8605
6945,9204
6094,6662
8425,8528
7691,1214
8939,1527
5742,6633
2525,6412
6939,9511
8003,6538
924,7585
2588,2402
7172,1732
3625,9989
7958,5673
3956,1418
1332,5378
4852,1545
643,7453
8855,443
8265,396
7936,3822
7186,7904
8823,1575
5971,21
8617,5045
2053,8632
444,3867
6486,4791
9640,6688
8671,6414
6644,9511
2452,2856
6951,1722
2739,5068
2182,302
4355,9781
1758,9175
4770,3423
4235,9098
8538,2571
3434,1694
5660,3835
5069,6346
8957,7022
9275,2656
8231,3129
5883,6655
7554,2935
4307,6939
922,7908
2360,9250
9910,9814
5930,4200
3355,8577
8031,2179
57,5341
8049,2839
1414,7298
4997,7680
5420,7905
6327,3174
1842,4961
6215,18
7040,9142
4628,6624
2795,6792
3461,4226
3088,9690
831,7857
2689,2212
9976,4244
6263,7511
7573,5119
1654,4463
9109,2517
5425,9243
6404,6090
1464,4444
9484,6711
3864,3323
8432,864
9652,8350
7205,5211
5752,6631
4886,704
3003,3791
6892,9545
2683,9695
8228,463
5778,3805
7293,2253
1808,3087
7560,5180
1499,6535
9658,4052
4809,7620
476,781
5347,4839
7842,4409
3912,650
3247,9184
818,5789
1562,2922
5950,2768
7339,114
7243,7447
6598,7181
6897,4581
739,2442
7048,9800
9674,4188
3847,2826
3731,5597
4432,4351
2239,9454
6905,8452
8661,709
3079,8333
8401,8266
2990,9922
930,806
1845,959
2852,533
9400,8141
4236,6428
4902,7182
2732,2538
1147,5667
2270,8237
1674,7477
813,5684
8736,5737
1335,4990
4344,6543
9006,7252
5550,2655
4682,6221
4705,8391
4462,5874
5591,4115
7332,4484
8474,111
5317,7805
7985,9787
8976,2603
3908,3402
7995,5448
6854,364
1414,7692
4626,7304
1452,1412
8000,1063
1300,7560
4140,493
1285,7488
5842,4327
1035,5318
4197,2849
6187,227
7586,200
834,6849
9091,1618
8611,6574
7832,7473
7407,3517
6452,4395
7189,4610
3421,4053
3108,4168
2727,6731
8691,3831
9733,6804
7553,3043
9876,775
3015,3724
6148,3413
9122,9108
8787,6631
1395,253
3984,8294
6875,9099
5586,2028
8418,4759
1633,6885
6761,1342
7721,2917
264,397
5948,1044
4001,9040
3912,8859
3096,9065
1276,608
1985,5501
3339,7743
3747,6968
743,796
8978,3255
1196,2168
3,4340
8548,4002
9655,401
2013,5068
551,8519
6692,9069
407,9819
786,1781
2876,6030
9464,6806
6178,1798
7548,4498
37,8973
4064,4763
1315,6778
3555,2541
510,6566
3636,8933
4977,4282
5851,3285
8536,794
2851,9562
6253,3674
4985,5
9395,2736
5695,7669
9399,2915
1487,8051
9515,9377
2942,8136
6849,8395
6667,3516
335,3553
6467,486
2073,7110
7459,8726
4299,8871
4023,6947
9822,1780
8262,1596
9473,2993
8192,7459
4959,7662
3485,8548
4593,9812
5638,2718
726,5082
7740,6878
1204,9350
5247,2886
2168,8432
4849,5678
4104,703
612,6735
7672,2095
6090,1464
5978,8372
606,4567
8318,6847
7339,6846
3723,4826
9311,2372
3514,9458
9109,1853
8666,5001
2652,1154
3682,56
4918,4955
7948,7102
2205,6100
9363,221
3252,1621
3106,3853
8146,6532
216,7795
478,7772
3278,7036
2511,2152
7581,9751
5718,9538
3488,6052
7947,8634
459,5204
6875,4424
8935,6758
788,7074
1598,4123
7563,3980
9775,8407
1233,6103
1284,7119
7216,8769
6479,1239
5186,6348
7437,5649
5023,1427
3816,8313
607,3830
5549,5419
1637,5485
4036,4416
1337,713
5923,924
2433,2900
7980,8298
1709,5323
3373,7661
4304,6595
4133,2204
482,241
7641,7980
3375,6231
9384,5534
2302,4724
4903,5975
2109,1476
975,6850
5798,2268
4522,2506
4407,9877
4138,2364
7490,4207
105,2907
2069,6229
689,1364
7546,2376
7447,3737
3652,2067
9461,5987
958,5227
5018,1540
8168,5849
8901,2070
8318,9182
1363,7638
9832,4910
5000,1075
4638,4419
1761,2199
5088,7996
9233,5751
4267,4680
6365,8779
7433,8358
5815,8749
1313,1987
918,2207
4213,1920
9231,9600
393,3026
4224,3749
4815,9491
2716,9284
7325,9657
5384,3875
8409,5726
2860,1183
2474,2053
7494,9777
3939,6116
1768,5984
8955,5838
8603,5324
9399,6228
9973,7226
9357,4726
5912,5692
1695,9792
4779,6102
6900,121
2098,7566
8584,2315
539,5853
4868,3129
4089,6928
1462,1968
5127,9673
6752,3388
8406,3305
8073,90
4610,8712
9975,5929
4838,8692
2917,3181
3724,4921
1389,9837
9937,1745
8447,3721
4281,5230
8485,8981
8469,6110
3059,1521
7934,8630
8385,2707
8821,9094
5859,9316
1256,8228
1328,8850
203,6349
7350,3559
953,1032
3792,9983
3932,2050
6577,3929
9274,4560
3560,3503
3648,8407
7347,3415
3707,1849
1270,1181
9197,7724
3492,6476
2250,3152
7335,1843
2289,216
877,3318
9858,7162
3487,9380
3030,8873
7979,2523
278,2176
8308,7326
3229,3767
5229,9975
1363,2960
9648,5040
9716,8219
1514,4030
3650,7897
1256,5179
4669,3841
5067,8556
3679,8422
1248,4273
6889,1044
1965,9043
912,1257
7411,7307
8767,6711
3431,7851
9322,3895
5950,9647
4439,8981
231,4123
9196,8538
480,7122
4449,6735
3578,3100
1007,5764
8739,7626
6901,9028
273,5535
6149,4995
5773,4043
1959,347
2950,6788
171,2241
7963,1676
6466,1955
7841,3531
6775,1160
992,223
245,8709
5836,5262
2902,5544
1726,684
5852,9272
8970,2454
9377,9142
275,2348
5235,3852
2978,6154
4569,6185
3341,7375
3446,6102
5135,1132
8717,7768
382,5397
3009,8473
2549,8329
9156,5248
7779,6119
6267,2736
8651,6542
4948,4022
8266,7526
953,6597
195,8914
9835,3663
2983,3104
2820,7610
781,706
3175,4863
7908,7295
4188,4193
8684,4888
5175,6967
202,9794
2221,6848
4189,2317
4101,2865
6262,8429
5752,685
7825,2890
4420,3790
6795,1044
5275,6532
9204,5272
9023,2747
4282,9145
9254,995
4859,604
9279,7134
9307,5019
1322,9146
6273,8209
3127,9069
4336,3512
525,6207
1881,5644
3169,6613
8611,5833
9045,1692
4747,5271
6059,8396
6828,7337
2727,4543
8351,8923
6893,4754
9196,3771
1546,6244
5444,5493
2630,3309
2631,5858
5984,3116
6835,9583
2805,8572
4223,8982
112,3885
3808,3969
829,1452
9860,2813
796,8376
5346,9875
1245,5904
4003,9177
5078,6556
2353,6652
4572,9634
6679,7315
4214,4463
2359,9417
8034,8015
119,7274
8024,1884
7974,8705
1045,6765
2978,7289
7790,9153
2627,9324
5377,8638
2022,1528
8558,7170
9586,525
4740,485
8862,5453
7199,3988
3900,9724
9756,4235
5083,3687
796,9940
1511,5863
2407,6448
1612,2140
3081,5215
4355,9191
1032,9619
4536,2229
9273,310
3403,2442
9640,4452
9614,5798
8933,1721
5600,2284
2046,5373
3694,1407
7126,5162
8136,9964
9191,6965
4194,1079
1251,6171
5903,9888
5348,4910
716,2034
997,662
2029,991
9255,8658
4090,9938
5562,8375
802,8175
6594,7367
9478,8341
2366,4233
6155,5534
3496,924
3147,5597
1698,9973
5391,4891
1301,767
9298,5041
4913,4119
5930,2476
8292,7721
9019,1187
6506,739
1256,1659
2460,4951
39,8415
6599,2250
6847,6459
4364,5253
7090,7427
9148,4963
4215,2257
333,3764
4683,4574
6886,7187
3645,6241
7162,3777
7523,6466
1693,9424
5625,1377
142,7846
8184,669
9852,353
3132,9316
1464,8721
8444,3594
5142,8986
5427,7404
9845,6870
7105,7915
139,2582
3333,9748
6829,4969
6712,1259
8139,8709
5708,1697
7836,6478
1334,5735
7517,9869
3751,1522
4764,2690
9531,4038
2441,998
2486,8712
3436,5780
665,6486
9058,3865
4979,1322
1464,2925
4857,6927
9404,9080
765,5742
5314,6596
6308,5827
2460,1032
7790,3184
6238,8109
4181,8418
5197,7688
623,6521
1815,5495
9617,827
9445,8405
8711,1678
7436,6264
7133,5183
9576,412
3272,4211
504,1745
8980,5117
6677,3251
6115,9604
2101,2385
2177,1239
636,9807
6105,9287
213,5871
1736,595
8119,2726
9702,1764
6831,7717
5009,7228
7904,2021
3884,4563
6011,5645
2581,891
6690,2325
2571,4156
6053,5265
9018,5731
2951,6462
2680,6646
7105,1301
4399,620
1964,8976
3964,7018
2788,4250
4317,4149
1485,460
1501,120
8041,6893
4431,2269
6553,1563
2102,7313
8451,1652
9260,3615
6529,1111
9401,2438
251,6154
2291,2663
1744,5014
9634,932
6965,1549
1111,7912
4444,332
8959,5094
3095,2735
8882,4670
6588,9698
7398,7000
1757,7265
1675,3178
1272,9400
8020,5280
1060,9546
2993,8975
1088,5306
1544,3931
5807,135
4018,5131
489,7218
3009,6241
9483,9490
9728,9981
2012,249
2161,9013
3890,2079
2706,3083
5268,5291
996,2428
9960,5972
3233,6297
2996,196
9842,5478
7697,5156
5908,6876
1181,6911
4265,843
8906,7187
3035,9405
4897,9819
8663,5808
8113,7589
1514,4162
6949,9141
1600,7930
5267,9064
2412,3519
740,2629
8970,68
902,538
3499,518
2175,6348
8015,8945
1210,2917
9033,9074
4370,4557
288,3356
2957,7949
4274,6370
4783,5867
3906,2652
5001,4580
8878,5921
8855,7406
4396,1625
9628,6297
8865,4872
1386,6431
5990,6119
9523,4328
2242,4059
7822,157
9501,8736
1785,2585
7449,5198
8433,3465
4634,1587
8824,5957
6799,3747
2558,4237
3353,3258
5532,2881
2076,3208
543,796
7385,4684
9366,2571
176,6833
2692,9677
9825,4610
405,8666
2807,2106
6237,1025
5159,7600
60,8202
457,7749
6926,2624
3950,8618
6865,6980
5476,498
9611,5070
5457,8101
6111,6606
6288,3834
4280,8334
1829,7594
4606,313
9121,7141
4750,7839
4623,786
4763,6774
274,2257
525,2682
2235,960
3385,6062
5455,503
5942,2884
6989,4966
2405,9356
3689,5095
2427,3779
6645,927
2085,371
7429,4985
4980,7896
6121,5139
4753,4502
2279,2542
6109,5709
2154,6335
3230,6130
795,6774
2049,8564
